country,year,life_expectancy
Afghanistan,2000,55.2978
Afghanistan,2001,55.7981
Afghanistan,2002,56.4538
Afghanistan,2003,57.3445
Afghanistan,2004,57.9436
Afghanistan,2005,58.3608
Afghanistan,2006,58.6844
Afghanistan,2007,59.1113
Afghanistan,2008,59.8515
Afghanistan,2009,60.3636
Afghanistan,2010,60.8508
Afghanistan,2011,61.4191
Afghanistan,2012,61.923
Afghanistan,2013,62.4167
Afghanistan,2014,62.5451
Afghanistan,2015,62.6587
Africa,2000,53.3498
Africa,2001,53.6201
Africa,2002,53.9987
Africa,2003,54.4224
Africa,2004,54.8957
Africa,2005,55.4669
Africa,2006,56.1389
Africa,2007,56.73
Africa,2008,57.3081
Africa,2009,58.0158
Africa,2010,58.608
Africa,2011,59.2511
Africa,2012,59.8106
Africa,2013,60.2924
Africa,2014,60.7463
Africa,2015,61.1288
Albania,2000,75.4043
Albania,2001,75.6388
Albania,2002,75.8899
Albania,2003,76.1421
Albania,2004,76.3761
Albania,2005,76.6208
Albania,2006,76.8162
Albania,2007,77.5491
Albania,2008,77.6529
Albania,2009,77.781
Albania,2010,77.9359
Albania,2011,78.0919
Albania,2012,78.064
Albania,2013,78.1226
Albania,2014,78.4075
Albania,2015,78.6441
Algeria,2000,70.4779
Algeria,2001,70.8233
Algeria,2002,71.2296
Algeria,2003,71.2868
Algeria,2004,71.7617
Algeria,2005,72.0612
Algeria,2006,72.3336
Algeria,2007,72.6019
Algeria,2008,72.9405
Algeria,2009,73.6196
Algeria,2010,73.8081
Algeria,2011,74.1234
Algeria,2012,74.2024
Algeria,2013,74.6153
Algeria,2014,75.11
Algeria,2015,75.622
American Samoa,2000,70.9929
American Samoa,2001,70.9182
American Samoa,2002,71.2689
American Samoa,2003,71.132
American Samoa,2004,72.031
American Samoa,2005,72.2841
American Samoa,2006,72.0837
American Samoa,2007,72.1379
American Samoa,2008,72.0891
American Samoa,2009,70.4747
American Samoa,2010,72.0701
American Samoa,2011,72.1207
American Samoa,2012,72.3202
American Samoa,2013,72.2683
American Samoa,2014,72.3403
American Samoa,2015,72.522
Americas,2000,73.349495
Americas,2001,73.56241
Americas,2002,73.80509
Americas,2003,73.97127
Americas,2004,74.324066
Americas,2005,74.57749
Americas,2006,74.82221
Americas,2007,74.99746
Americas,2008,75.186874
Americas,2009,75.45351
Americas,2010,75.345955
Americas,2011,75.78988
Americas,2012,75.98362
Americas,2013,76.15026
Americas,2014,76.30933
Americas,2015,76.299194
Andorra,2000,80.9193
Andorra,2001,81.6857
Andorra,2002,82.2368
Andorra,2003,83.9209
Andorra,2004,80.0836
Andorra,2005,81.7599
Andorra,2006,82.9664
Andorra,2007,82.6594
Andorra,2008,82.6982
Andorra,2009,82.752
Andorra,2010,82.8156
Andorra,2011,82.8975
Andorra,2012,82.9166
Andorra,2013,82.9343
Andorra,2014,82.9483
Andorra,2015,82.9534
Angola,2000,46.0236
Angola,2001,46.5905
Angola,2002,47.3865
Angola,2003,49.6173
Angola,2004,50.592
Angola,2005,51.5699
Angola,2006,52.3688
Angola,2007,53.6419
Angola,2008,54.6327
Angola,2009,55.7516
Angola,2010,56.7258
Angola,2011,57.5961
Angola,2012,58.6231
Angola,2013,59.3074
Angola,2014,60.0397
Angola,2015,60.6546
Anguilla,2000,75.9922
Anguilla,2001,76.2945
Anguilla,2002,76.4679
Anguilla,2003,76.5095
Anguilla,2004,76.5169
Anguilla,2005,76.5311
Anguilla,2006,76.6497
Anguilla,2007,76.9023
Anguilla,2008,77.1457
Anguilla,2009,77.4142
Anguilla,2010,77.7357
Anguilla,2011,77.9068
Anguilla,2012,77.8034
Anguilla,2013,77.5746
Anguilla,2014,77.3574
Anguilla,2015,77.0668
Antigua and Barbuda,2000,74.6058
Antigua and Barbuda,2001,75.0781
Antigua and Barbuda,2002,75.5357
Antigua and Barbuda,2003,75.4778
Antigua and Barbuda,2004,75.6721
Antigua and Barbuda,2005,75.8254
Antigua and Barbuda,2006,75.7647
Antigua and Barbuda,2007,76.1311
Antigua and Barbuda,2008,76.4103
Antigua and Barbuda,2009,76.6694
Antigua and Barbuda,2010,76.8195
Antigua and Barbuda,2011,77.1038
Antigua and Barbuda,2012,77.3502
Antigua and Barbuda,2013,77.5834
Antigua and Barbuda,2014,77.8577
Antigua and Barbuda,2015,77.9127
Argentina,2000,73.926
Argentina,2001,74.1864
Argentina,2002,74.408
Argentina,2003,74.0801
Argentina,2004,74.8549
Argentina,2005,75.1388
Argentina,2006,75.4326
Argentina,2007,75.0057
Argentina,2008,75.6411
Argentina,2009,75.9359
Argentina,2010,75.7208
Argentina,2011,76.124
Argentina,2012,76.4669
Argentina,2013,76.4908
Argentina,2014,76.7549
Argentina,2015,76.7602
Armenia,2000,70.6236
Armenia,2001,70.932
Armenia,2002,71.0179
Armenia,2003,71.4356
Armenia,2004,71.4205
Armenia,2005,71.7922
Armenia,2006,71.9868
Armenia,2007,72.3271
Armenia,2008,72.3985
Armenia,2009,72.8125
Armenia,2010,73.1597
Armenia,2011,73.3045
Armenia,2012,73.454
Armenia,2013,73.6759
Armenia,2014,74.0577
Armenia,2015,74.4361
Aruba,2000,73.569
Aruba,2001,73.6468
Aruba,2002,73.7261
Aruba,2003,73.7523
Aruba,2004,73.5764
Aruba,2005,73.811
Aruba,2006,74.0259
Aruba,2007,74.2099
Aruba,2008,74.1468
Aruba,2009,74.5603
Aruba,2010,75.4039
Aruba,2011,75.4651
Aruba,2012,75.5308
Aruba,2013,75.6361
Aruba,2014,75.6006
Aruba,2015,75.6831
Asia,2000,67.6292
Asia,2001,68.1255
Asia,2002,68.5285
Asia,2003,68.9269
Asia,2004,69.1634
Asia,2005,69.615
Asia,2006,70.0502
Asia,2007,70.3458
Asia,2008,70.5111
Asia,2009,70.9919
Asia,2010,71.3472
Asia,2011,71.6749
Asia,2012,72.0416
Asia,2013,72.3901
Asia,2014,72.7841
Asia,2015,73.1205
Australia,2000,79.6309
Australia,2001,80.0165
Australia,2002,80.0639
Australia,2003,80.4549
Australia,2004,80.7512
Australia,2005,81.1126
Australia,2006,81.2822
Australia,2007,81.2603
Australia,2008,81.4589
Australia,2009,81.7661
Australia,2010,82.055
Australia,2011,82.1336
Australia,2012,82.3456
Australia,2013,82.6041
Australia,2014,82.5677
Australia,2015,82.6552
Austria,2000,78.2358
Austria,2001,78.7192
Austria,2002,78.8469
Austria,2003,78.8496
Austria,2004,79.3632
Austria,2005,79.521
Austria,2006,79.9655
Austria,2007,80.1672
Austria,2008,80.3639
Austria,2009,80.207
Austria,2010,80.4643
Austria,2011,80.8285
Austria,2012,80.841
Austria,2013,81.0783
Austria,2014,81.3903
Austria,2015,81.1594
Azerbaijan,2000,64.8905
Azerbaijan,2001,65.5101
Azerbaijan,2002,66.2392
Azerbaijan,2003,66.7563
Azerbaijan,2004,67.3461
Azerbaijan,2005,67.5619
Azerbaijan,2006,68.1653
Azerbaijan,2007,68.6032
Azerbaijan,2008,68.8112
Azerbaijan,2009,69.3556
Azerbaijan,2010,69.5291
Azerbaijan,2011,69.9835
Azerbaijan,2012,70.3598
Azerbaijan,2013,70.8814
Azerbaijan,2014,71.1163
Azerbaijan,2015,71.4512
Bahamas,2000,72.0411
Bahamas,2001,72.1101
Bahamas,2002,72.2316
Bahamas,2003,72.402
Bahamas,2004,72.478
Bahamas,2005,72.7654
Bahamas,2006,72.855
Bahamas,2007,72.6785
Bahamas,2008,72.6671
Bahamas,2009,72.5794
Bahamas,2010,72.7314
Bahamas,2011,72.5638
Bahamas,2012,72.7528
Bahamas,2013,73.0237
Bahamas,2014,73.3658
Bahamas,2015,73.104
Bahrain,2000,75.4964
Bahrain,2001,75.9082
Bahrain,2002,76.0875
Bahrain,2003,76.3373
Bahrain,2004,76.5598
Bahrain,2005,76.9306
Bahrain,2006,77.1555
Bahrain,2007,77.6338
Bahrain,2008,78.0838
Bahrain,2009,78.4613
Bahrain,2010,78.748
Bahrain,2011,78.8902
Bahrain,2012,79.0813
Bahrain,2013,79.2463
Bahrain,2014,79.3278
Bahrain,2015,79.4046
Bangladesh,2000,65.7791
Bangladesh,2001,66.1353
Bangladesh,2002,66.6115
Bangladesh,2003,66.8242
Bangladesh,2004,67.1874
Bangladesh,2005,67.2992
Bangladesh,2006,67.2413
Bangladesh,2007,66.7144
Bangladesh,2008,67.0506
Bangladesh,2009,67.4032
Bangladesh,2010,68.6384
Bangladesh,2011,68.8094
Bangladesh,2012,69.554
Bangladesh,2013,69.5646
Bangladesh,2014,69.9856
Bangladesh,2015,70.4913
Barbados,2000,74.0891
Barbados,2001,74.2467
Barbados,2002,74.3656
Barbados,2003,74.4717
Barbados,2004,74.7268
Barbados,2005,74.8901
Barbados,2006,75.0683
Barbados,2007,75.3424
Barbados,2008,75.4471
Barbados,2009,75.678
Barbados,2010,75.7115
Barbados,2011,75.9166
Barbados,2012,76.0987
Barbados,2013,76.2752
Barbados,2014,76.4758
Barbados,2015,76.6502
Belarus,2000,69.1801
Belarus,2001,68.864
Belarus,2002,68.4835
Belarus,2003,68.939
Belarus,2004,69.4064
Belarus,2005,69.4163
Belarus,2006,69.9876
Belarus,2007,70.7622
Belarus,2008,70.9218
Belarus,2009,71.0939
Belarus,2010,71.1219
Belarus,2011,71.5165
Belarus,2012,72.6137
Belarus,2013,72.9891
Belarus,2014,73.5849
Belarus,2015,73.9874
Belgium,2000,77.7665
Belgium,2001,78.0807
Belgium,2002,78.1667
Belgium,2003,78.3198
Belgium,2004,78.9599
Belgium,2005,79.0526
Belgium,2006,79.3884
Belgium,2007,79.5262
Belgium,2008,79.5769
Belgium,2009,79.847
Belgium,2010,80.033
Belgium,2011,80.3649
Belgium,2012,80.2607
Belgium,2013,80.468
Belgium,2014,81.0811
Belgium,2015,80.8898
Belize,2000,68.5645
Belize,2001,68.3572
Belize,2002,68.7521
Belize,2003,68.9091
Belize,2004,69.227
Belize,2005,69.3757
Belize,2006,70.0932
Belize,2007,70.6549
Belize,2008,71.1507
Belize,2009,71.8186
Belize,2010,72.2716
Belize,2011,72.6512
Belize,2012,73.245
Belize,2013,73.6661
Belize,2014,73.3107
Belize,2015,73.1866
Benin,2000,56.5779
Benin,2001,56.6604
Benin,2002,56.6064
Benin,2003,56.7378
Benin,2004,56.8257
Benin,2005,57.1252
Benin,2006,57.4555
Benin,2007,57.6752
Benin,2008,57.8689
Benin,2009,57.9557
Benin,2010,58.3627
Benin,2011,58.4624
Benin,2012,58.7159
Benin,2013,58.9654
Benin,2014,59.1249
Benin,2015,59.3771
Bermuda,2000,78.8582
Bermuda,2001,79.8715
Bermuda,2002,80.6312
Bermuda,2003,79.3447
Bermuda,2004,81.1201
Bermuda,2005,77.9275
Bermuda,2006,77.5853
Bermuda,2007,79.3613
Bermuda,2008,78.6229
Bermuda,2009,79.9956
Bermuda,2010,80.4985
Bermuda,2011,81.4028
Bermuda,2012,81.2724
Bermuda,2013,79.9917
Bermuda,2014,79.5177
Bermuda,2015,80.9176
Bhutan,2000,62.0103
Bhutan,2001,63.4443
Bhutan,2002,64.0779
Bhutan,2003,64.6962
Bhutan,2004,65.2678
Bhutan,2005,65.805
Bhutan,2006,66.3617
Bhutan,2007,66.9537
Bhutan,2008,67.4991
Bhutan,2009,67.897
Bhutan,2010,68.4298
Bhutan,2011,68.881
Bhutan,2012,69.3261
Bhutan,2013,69.7072
Bhutan,2014,70.0486
Bhutan,2015,70.3433
Bolivia,2000,62.3461
Bolivia,2001,62.8426
Bolivia,2002,63.3064
Bolivia,2003,63.6348
Bolivia,2004,64.0041
Bolivia,2005,64.3856
Bolivia,2006,64.7793
Bolivia,2007,65.0267
Bolivia,2008,65.4459
Bolivia,2009,65.8803
Bolivia,2010,66.1624
Bolivia,2011,66.5337
Bolivia,2012,66.7046
Bolivia,2013,67.0207
Bolivia,2014,67.1632
Bolivia,2015,67.3182
Bonaire Sint Eustatius and Saba,2000,75.0944
Bonaire Sint Eustatius and Saba,2001,74.7995
Bonaire Sint Eustatius and Saba,2002,75.0019
Bonaire Sint Eustatius and Saba,2003,75.0751
Bonaire Sint Eustatius and Saba,2004,75.1268
Bonaire Sint Eustatius and Saba,2005,75.1933
Bonaire Sint Eustatius and Saba,2006,74.5584
Bonaire Sint Eustatius and Saba,2007,75.5369
Bonaire Sint Eustatius and Saba,2008,75.4917
Bonaire Sint Eustatius and Saba,2009,75.6051
Bonaire Sint Eustatius and Saba,2010,75.2724
Bonaire Sint Eustatius and Saba,2011,76.4916
Bonaire Sint Eustatius and Saba,2012,75.2005
Bonaire Sint Eustatius and Saba,2013,75.4816
Bonaire Sint Eustatius and Saba,2014,76.5878
Bonaire Sint Eustatius and Saba,2015,77.4623
Bosnia and Herzegovina,2000,74.4957
Bosnia and Herzegovina,2001,75.06
Bosnia and Herzegovina,2002,74.6115
Bosnia and Herzegovina,2003,75.7822
Bosnia and Herzegovina,2004,76.1329
Bosnia and Herzegovina,2005,75.42
Bosnia and Herzegovina,2006,76.2468
Bosnia and Herzegovina,2007,76.1609
Bosnia and Herzegovina,2008,76.8378
Bosnia and Herzegovina,2009,76.9764
Bosnia and Herzegovina,2010,77.0729
Bosnia and Herzegovina,2011,77.0069
Bosnia and Herzegovina,2012,77.1914
Bosnia and Herzegovina,2013,76.3304
Bosnia and Herzegovina,2014,75.6586
Bosnia and Herzegovina,2015,76.1819
Botswana,2000,51.0109
Botswana,2001,50.6757
Botswana,2002,50.6324
Botswana,2003,50.9468
Botswana,2004,51.6168
Botswana,2005,52.6104
Botswana,2006,53.9182
Botswana,2007,55.732
Botswana,2008,57.1206
Botswana,2009,58.2791
Botswana,2010,60.0133
Botswana,2011,60.5302
Botswana,2012,60.8004
Botswana,2013,61.9958
Botswana,2014,62.6076
Botswana,2015,63.8183
Brazil,2000,69.7367
Brazil,2001,70.1949
Brazil,2002,70.4103
Brazil,2003,70.7204
Brazil,2004,71.1307
Brazil,2005,71.7533
Brazil,2006,72.0373
Brazil,2007,72.3653
Brazil,2008,72.7153
Brazil,2009,72.9484
Brazil,2010,73.1821
Brazil,2011,73.3432
Brazil,2012,73.5517
Brazil,2013,73.9185
Brazil,2014,74.3058
Brazil,2015,74.3325
British Virgin Islands,2000,73.966
British Virgin Islands,2001,73.8457
British Virgin Islands,2002,73.8914
British Virgin Islands,2003,73.986
British Virgin Islands,2004,74.2505
British Virgin Islands,2005,74.7226
British Virgin Islands,2006,74.8802
British Virgin Islands,2007,75.0393
British Virgin Islands,2008,75.0071
British Virgin Islands,2009,75.2595
British Virgin Islands,2010,75.4278
British Virgin Islands,2011,75.4856
British Virgin Islands,2012,75.5319
British Virgin Islands,2013,75.5741
British Virgin Islands,2014,75.6118
British Virgin Islands,2015,75.6746
Brunei,2000,74.0801
Brunei,2001,74.2764
Brunei,2002,74.4256
Brunei,2003,74.5605
Brunei,2004,74.6497
Brunei,2005,74.7309
Brunei,2006,74.7829
Brunei,2007,74.818
Brunei,2008,74.84
Brunei,2009,74.8457
Brunei,2010,74.8492
Brunei,2011,74.858
Brunei,2012,74.8274
Brunei,2013,74.7992
Brunei,2014,74.7788
Brunei,2015,74.7498
Bulgaria,2000,71.6091
Bulgaria,2001,71.9145
Bulgaria,2002,72.1619
Bulgaria,2003,72.4077
Bulgaria,2004,72.6094
Bulgaria,2005,72.5924
Bulgaria,2006,72.7215
Bulgaria,2007,73.037
Bulgaria,2008,73.3647
Bulgaria,2009,73.7049
Bulgaria,2010,73.8348
Bulgaria,2011,74.1895
Bulgaria,2012,74.3572
Bulgaria,2013,74.8489
Bulgaria,2014,74.4824
Bulgaria,2015,74.6325
Burkina Faso,2000,50.8468
Burkina Faso,2001,51.0706
Burkina Faso,2002,51.2722
Burkina Faso,2003,51.7927
Burkina Faso,2004,52.4161
Burkina Faso,2005,53.0916
Burkina Faso,2006,53.7422
Burkina Faso,2007,54.3747
Burkina Faso,2008,55.342
Burkina Faso,2009,55.9595
Burkina Faso,2010,56.4768
Burkina Faso,2011,57.1246
Burkina Faso,2012,57.6187
Burkina Faso,2013,57.8234
Burkina Faso,2014,58.3589
Burkina Faso,2015,58.8454
Burundi,2000,47.5142
Burundi,2001,48.4314
Burundi,2002,49.8911
Burundi,2003,50.857
Burundi,2004,52.0101
Burundi,2005,53.0231
Burundi,2006,53.8694
Burundi,2007,54.7265
Burundi,2008,55.7101
Burundi,2009,56.3882
Burundi,2010,57.0809
Burundi,2011,57.7692
Burundi,2012,58.4927
Burundi,2013,59.2346
Burundi,2014,59.8684
Burundi,2015,60.2172
Cambodia,2000,58.6253
Cambodia,2001,59.9664
Cambodia,2002,61.2262
Cambodia,2003,62.5229
Cambodia,2004,63.5524
Cambodia,2005,64.2933
Cambodia,2006,65.0593
Cambodia,2007,65.7314
Cambodia,2008,66.4698
Cambodia,2009,67.4439
Cambodia,2010,67.7123
Cambodia,2011,68.4163
Cambodia,2012,68.9149
Cambodia,2013,69.3042
Cambodia,2014,69.7364
Cambodia,2015,69.8725
Cameroon,2000,52.9317
Cameroon,2001,53.1423
Cameroon,2002,53.4148
Cameroon,2003,53.8826
Cameroon,2004,54.1779
Cameroon,2005,54.3619
Cameroon,2006,54.8564
Cameroon,2007,55.1653
Cameroon,2008,55.6548
Cameroon,2009,56.1019
Cameroon,2010,56.582
Cameroon,2011,57.1331
Cameroon,2012,57.7922
Cameroon,2013,58.4761
Cameroon,2014,58.9355
Cameroon,2015,59.658
Canada,2000,79.2335
Canada,2001,79.4507
Canada,2002,79.568
Canada,2003,79.7396
Canada,2004,80.0332
Canada,2005,80.1364
Canada,2006,80.5466
Canada,2007,80.5495
Canada,2008,80.7388
Canada,2009,81.0737
Canada,2010,81.3469
Canada,2011,81.5286
Canada,2012,81.7221
Canada,2013,81.8029
Canada,2014,81.8545
Canada,2015,81.9246
Cape Verde,2000,68.6183
Cape Verde,2001,69.9287
Cape Verde,2002,70.7054
Cape Verde,2003,71.4289
Cape Verde,2004,71.9991
Cape Verde,2005,72.6804
Cape Verde,2006,72.2394
Cape Verde,2007,72.8349
Cape Verde,2008,72.5077
Cape Verde,2009,73.0875
Cape Verde,2010,73.4986
Cape Verde,2011,74.2565
Cape Verde,2012,74.4838
Cape Verde,2013,75.059
Cape Verde,2014,75.24
Cape Verde,2015,74.6195
Cayman Islands,2000,72.8715
Cayman Islands,2001,73.0451
Cayman Islands,2002,73.3538
Cayman Islands,2003,73.707
Cayman Islands,2004,73.9684
Cayman Islands,2005,74.4852
Cayman Islands,2006,74.8063
Cayman Islands,2007,75.0724
Cayman Islands,2008,75.256
Cayman Islands,2009,75.2471
Cayman Islands,2010,75.7619
Cayman Islands,2011,75.0612
Cayman Islands,2012,74.9563
Cayman Islands,2013,74.8892
Cayman Islands,2014,74.824
Cayman Islands,2015,74.82
Central African Republic,2000,45.406
Central African Republic,2001,45.3926
Central African Republic,2002,45.4092
Central African Republic,2003,45.76
Central African Republic,2004,46.0383
Central African Republic,2005,46.4331
Central African Republic,2006,46.8514
Central African Republic,2007,47.4262
Central African Republic,2008,48.0155
Central African Republic,2009,48.6476
Central African Republic,2010,49.2549
Central African Republic,2011,49.9482
Central African Republic,2012,50.6861
Central African Republic,2013,50.902
Central African Republic,2014,50.5655
Central African Republic,2015,52.793
Chad,2000,47.443
Chad,2001,47.8496
Chad,2002,47.9462
Chad,2003,48.2063
Chad,2004,48.2317
Chad,2005,48.3122
Chad,2006,48.2863
Chad,2007,48.751
Chad,2008,49.0239
Chad,2009,49.1963
Chad,2010,49.5843
Chad,2011,50.009
Chad,2012,50.5401
Chad,2013,50.7806
Chad,2014,51.202
Chad,2015,51.5888
Chile,2000,76.8695
Chile,2001,76.7726
Chile,2002,77.4445
Chile,2003,77.3867
Chile,2004,77.6161
Chile,2005,78.0159
Chile,2006,78.261
Chile,2007,77.8258
Chile,2008,78.4841
Chile,2009,78.7409
Chile,2010,78.5015
Chile,2011,79.1099
Chile,2012,79.0233
Chile,2013,79.3391
Chile,2014,79.4726
Chile,2015,79.746
China,2000,71.8807
China,2001,72.6061
China,2002,72.985
China,2003,73.3714
China,2004,73.7477
China,2005,74.1111
China,2006,74.5037
China,2007,74.7619
China,2008,74.8719
China,2009,75.3434
China,2010,75.5991
China,2011,75.9032
China,2012,76.1923
China,2013,76.4523
China,2014,76.7173
China,2015,76.9771
Colombia,2000,71.3201
Colombia,2001,71.502
Colombia,2002,71.9389
Colombia,2003,72.3606
Colombia,2004,72.6951
Colombia,2005,73.0814
Colombia,2006,73.468
Colombia,2007,73.8372
Colombia,2008,74.295
Colombia,2009,74.7418
Colombia,2010,75.0327
Colombia,2011,75.3198
Colombia,2012,75.5973
Colombia,2013,75.8267
Colombia,2014,76.0427
Colombia,2015,76.2573
Comoros,2000,58.7565
Comoros,2001,59.1631
Comoros,2002,59.0556
Comoros,2003,59.2578
Comoros,2004,59.4803
Comoros,2005,59.6041
Comoros,2006,59.8751
Comoros,2007,60.102
Comoros,2008,60.4747
Comoros,2009,60.8314
Comoros,2010,61.1233
Comoros,2011,61.5033
Comoros,2012,61.834
Comoros,2013,62.2244
Comoros,2014,62.5158
Comoros,2015,62.8956
Congo,2000,53.682
Congo,2001,54.3945
Congo,2002,55.0878
Congo,2003,55.9481
Congo,2004,56.986
Congo,2005,58.1255
Congo,2006,58.8784
Congo,2007,59.6433
Congo,2008,60.4265
Congo,2009,61.0883
Congo,2010,61.6833
Congo,2011,61.9924
Congo,2012,62.317
Congo,2013,62.6947
Congo,2014,62.9502
Congo,2015,63.2329
Cook Islands,2000,69.9754
Cook Islands,2001,70.2044
Cook Islands,2002,70.5339
Cook Islands,2003,70.8523
Cook Islands,2004,71.2289
Cook Islands,2005,71.5704
Cook Islands,2006,72.0079
Cook Islands,2007,72.4116
Cook Islands,2008,72.8196
Cook Islands,2009,73.1861
Cook Islands,2010,73.5127
Cook Islands,2011,73.7526
Cook Islands,2012,73.9492
Cook Islands,2013,74.0695
Cook Islands,2014,74.1399
Cook Islands,2015,74.2313
Costa Rica,2000,77.5857
Costa Rica,2001,77.5453
Costa Rica,2002,77.9833
Costa Rica,2003,78.072
Costa Rica,2004,78.3305
Costa Rica,2005,78.5053
Costa Rica,2006,78.5145
Costa Rica,2007,78.4621
Costa Rica,2008,78.4451
Costa Rica,2009,78.6721
Costa Rica,2010,78.6704
Costa Rica,2011,79.3477
Costa Rica,2012,79.2827
Costa Rica,2013,79.4034
Costa Rica,2014,78.7741
Costa Rica,2015,79.0857
Cote d'Ivoire,2000,50.8423
Cote d'Ivoire,2001,50.8098
Cote d'Ivoire,2002,50.8857
Cote d'Ivoire,2003,50.9543
Cote d'Ivoire,2004,51.3628
Cote d'Ivoire,2005,51.824
Cote d'Ivoire,2006,52.3554
Cote d'Ivoire,2007,52.9697
Cote d'Ivoire,2008,53.6532
Cote d'Ivoire,2009,54.3938
Cote d'Ivoire,2010,55.0225
Cote d'Ivoire,2011,55.5195
Cote d'Ivoire,2012,56.1579
Cote d'Ivoire,2013,56.7481
Cote d'Ivoire,2014,57.208
Cote d'Ivoire,2015,57.7624
Croatia,2000,74.5836
Croatia,2001,74.6436
Croatia,2002,74.7357
Croatia,2003,74.611
Croatia,2004,75.5016
Croatia,2005,75.4083
Croatia,2006,75.9889
Croatia,2007,75.8596
Croatia,2008,76.2096
Croatia,2009,76.3923
Croatia,2010,76.8049
Croatia,2011,77.2222
Croatia,2012,77.3401
Croatia,2013,77.8427
Croatia,2014,77.9533
Croatia,2015,77.5599
Cuba,2000,76.1831
Cuba,2001,76.4208
Cuba,2002,76.6124
Cuba,2003,76.7729
Cuba,2004,76.9116
Cuba,2005,77.0469
Cuba,2006,77.1788
Cuba,2007,77.3072
Cuba,2008,77.4294
Cuba,2009,77.5483
Cuba,2010,77.661
Cuba,2011,77.7597
Cuba,2012,77.8328
Cuba,2013,77.8698
Cuba,2014,77.8533
Cuba,2015,77.772
Curacao,2000,73.2033
Curacao,2001,73.2858
Curacao,2002,73.3918
Curacao,2003,73.5372
Curacao,2004,73.6158
Curacao,2005,73.7568
Curacao,2006,73.8538
Curacao,2007,74.0207
Curacao,2008,74.1475
Curacao,2009,74.2904
Curacao,2010,74.8064
Curacao,2011,75.224
Curacao,2012,75.467
Curacao,2013,75.8883
Curacao,2014,75.848
Curacao,2015,76.0589
Cyprus,2000,76.568
Cyprus,2001,76.9889
Cyprus,2002,77.4873
Cyprus,2003,77.7879
Cyprus,2004,77.9435
Cyprus,2005,78.1008
Cyprus,2006,78.3708
Cyprus,2007,78.8103
Cyprus,2008,78.9812
Cyprus,2009,79.4006
Cyprus,2010,79.665
Cyprus,2011,79.9991
Cyprus,2012,80.1094
Cyprus,2013,80.4016
Cyprus,2014,80.7706
Cyprus,2015,80.9665
Czechia,2000,74.9787
Czechia,2001,75.315
Czechia,2002,75.4435
Czechia,2003,75.3972
Czechia,2004,75.9432
Czechia,2005,76.1585
Czechia,2006,76.7109
Czechia,2007,76.9217
Czechia,2008,77.1743
Czechia,2009,77.2598
Czechia,2010,77.5703
Czechia,2011,77.8191
Czechia,2012,78.0058
Czechia,2013,78.1796
Czechia,2014,78.755
Czechia,2015,78.58
Democratic Republic of Congo,2000,51.7812
Democratic Republic of Congo,2001,52.1162
Democratic Republic of Congo,2002,52.3327
Democratic Republic of Congo,2003,52.8266
Democratic Republic of Congo,2004,53.426
Democratic Republic of Congo,2005,53.9267
Democratic Republic of Congo,2006,54.5338
Democratic Republic of Congo,2007,54.9226
Democratic Republic of Congo,2008,55.3386
Democratic Republic of Congo,2009,55.8363
Democratic Republic of Congo,2010,56.4167
Democratic Republic of Congo,2011,57.0693
Democratic Republic of Congo,2012,57.2484
Democratic Republic of Congo,2013,57.7618
Democratic Republic of Congo,2014,58.2963
Democratic Republic of Congo,2015,58.49
Denmark,2000,76.8137
Denmark,2001,76.9721
Denmark,2002,77.0973
Denmark,2003,77.3992
Denmark,2004,77.7836
Denmark,2005,78.2243
Denmark,2006,78.2218
Denmark,2007,78.348
Denmark,2008,78.7134
Denmark,2009,78.9565
Denmark,2010,79.2459
Denmark,2011,79.7845
Denmark,2012,80.0807
Denmark,2013,80.3042
Denmark,2014,80.6302
Denmark,2015,80.738
Djibouti,2000,56.5734
Djibouti,2001,56.9027
Djibouti,2002,57.2147
Djibouti,2003,57.5946
Djibouti,2004,57.7594
Djibouti,2005,58.316
Djibouti,2006,58.7153
Djibouti,2007,59.0242
Djibouti,2008,59.3653
Djibouti,2009,59.6727
Djibouti,2010,60.2587
Djibouti,2011,60.4329
Djibouti,2012,60.8479
Djibouti,2013,61.2212
Djibouti,2014,61.6411
Djibouti,2015,61.957
Dominica,2000,72.6932
Dominica,2001,71.7132
Dominica,2002,72.3395
Dominica,2003,71.4384
Dominica,2004,72.401
Dominica,2005,72.2543
Dominica,2006,72.8479
Dominica,2007,71.9301
Dominica,2008,73.3054
Dominica,2009,72.1702
Dominica,2010,71.5499
Dominica,2011,69.6948
Dominica,2012,70.5383
Dominica,2013,68.8962
Dominica,2014,69.4342
Dominica,2015,68.7266
Dominican Republic,2000,69.4232
Dominican Republic,2001,69.6416
Dominican Republic,2002,69.923
Dominican Republic,2003,70.2649
Dominican Republic,2004,70.3305
Dominican Republic,2005,70.8752
Dominican Republic,2006,71.1654
Dominican Republic,2007,71.371
Dominican Republic,2008,71.6577
Dominican Republic,2009,71.871
Dominican Republic,2010,72.0933
Dominican Republic,2011,72.2212
Dominican Republic,2012,72.5142
Dominican Republic,2013,72.7127
Dominican Republic,2014,72.8665
Dominican Republic,2015,72.9531
East Timor,2000,58.5676
East Timor,2001,59.3619
East Timor,2002,60.1483
East Timor,2003,60.8707
East Timor,2004,61.6281
East Timor,2005,62.3283
East Timor,2006,63.0731
East Timor,2007,63.7229
East Timor,2008,64.329
East Timor,2009,64.8539
East Timor,2010,65.3036
East Timor,2011,65.6965
East Timor,2012,66.0812
East Timor,2013,66.4396
East Timor,2014,66.7865
East Timor,2015,67.1373
Ecuador,2000,72.8394
Ecuador,2001,73.2395
Ecuador,2002,73.6134
Ecuador,2003,73.9751
Ecuador,2004,74.2788
Ecuador,2005,74.5144
Ecuador,2006,74.689
Ecuador,2007,74.8445
Ecuador,2008,74.983
Ecuador,2009,75.1841
Ecuador,2010,75.4301
Ecuador,2011,75.7425
Ecuador,2012,76.0616
Ecuador,2013,76.3694
Ecuador,2014,76.6221
Ecuador,2015,76.7893
Egypt,2000,68.0074
Egypt,2001,68.3083
Egypt,2002,68.5635
Egypt,2003,68.4021
Egypt,2004,68.613
Egypt,2005,68.7786
Egypt,2006,68.9773
Egypt,2007,69.128
Egypt,2008,69.3186
Egypt,2009,69.48
Egypt,2010,69.6638
Egypt,2011,69.8805
Egypt,2012,70.0848
Egypt,2013,70.0521
Egypt,2014,70.4151
Egypt,2015,70.4831
El Salvador,2000,69.8647
El Salvador,2001,69.5982
El Salvador,2002,70.2324
El Salvador,2003,70.1401
El Salvador,2004,70.3402
El Salvador,2005,70.4403
El Salvador,2006,70.7732
El Salvador,2007,71.1081
El Salvador,2008,71.4236
El Salvador,2009,71.5756
El Salvador,2010,71.8478
El Salvador,2011,71.8589
El Salvador,2012,71.8313
El Salvador,2013,71.7711
El Salvador,2014,71.7464
El Salvador,2015,71.8143
Equatorial Guinea,2000,53.2264
Equatorial Guinea,2001,53.6364
Equatorial Guinea,2002,54.0851
Equatorial Guinea,2003,54.5812
Equatorial Guinea,2004,55.0363
Equatorial Guinea,2005,55.4644
Equatorial Guinea,2006,56.0459
Equatorial Guinea,2007,56.5398
Equatorial Guinea,2008,57.0742
Equatorial Guinea,2009,57.4312
Equatorial Guinea,2010,57.8777
Equatorial Guinea,2011,58.4121
Equatorial Guinea,2012,58.8646
Equatorial Guinea,2013,59.2236
Equatorial Guinea,2014,59.5947
Equatorial Guinea,2015,60.1032
Eritrea,2000,56.1105
Eritrea,2001,58.2983
Eritrea,2002,58.8113
Eritrea,2003,59.4086
Eritrea,2004,59.8987
Eritrea,2005,60.5968
Eritrea,2006,61.6108
Eritrea,2007,62.1161
Eritrea,2008,62.5731
Eritrea,2009,63.3284
Eritrea,2010,63.7866
Eritrea,2011,64.4017
Eritrea,2012,64.8385
Eritrea,2013,65.0665
Eritrea,2014,65.5995
Eritrea,2015,66.0333
Estonia,2000,71.3298
Estonia,2001,71.4185
Estonia,2002,71.8708
Estonia,2003,72.1579
Estonia,2004,72.6438
Estonia,2005,73.1971
Estonia,2006,73.4792
Estonia,2007,73.6051
Estonia,2008,74.412
Estonia,2009,75.1919
Estonia,2010,75.7485
Estonia,2011,76.4681
Estonia,2012,76.5454
Estonia,2013,77.1272
Estonia,2014,77.1406
Estonia,2015,77.6563
Eswatini,2000,47.2561
Eswatini,2001,45.9751
Eswatini,2002,44.4856
Eswatini,2003,43.3485
Eswatini,2004,42.5381
Eswatini,2005,42.1254
Eswatini,2006,43.1196
Eswatini,2007,43.6411
Eswatini,2008,44.1749
Eswatini,2009,44.6394
Eswatini,2010,46.6191
Eswatini,2011,48.1946
Eswatini,2012,49.8352
Eswatini,2013,51.4863
Eswatini,2014,53.0497
Eswatini,2015,55.0192
Ethiopia,2000,50.5378
Ethiopia,2001,51.0426
Ethiopia,2002,51.5171
Ethiopia,2003,52.5326
Ethiopia,2004,53.2348
Ethiopia,2005,54.0085
Ethiopia,2006,55.1491
Ethiopia,2007,56.4264
Ethiopia,2008,57.5916
Ethiopia,2009,58.8043
Ethiopia,2010,59.73
Ethiopia,2011,60.7206
Ethiopia,2012,61.5431
Ethiopia,2013,62.3734
Ethiopia,2014,62.9046
Ethiopia,2015,63.6492
Europe,2000,73.5229
Europe,2001,73.7801
Europe,2002,73.7608
Europe,2003,73.8379
Europe,2004,74.3786
Europe,2005,74.5083
Europe,2006,75.1649
Europe,2007,75.5532
Europe,2008,75.8491
Europe,2009,76.2941
Europe,2010,76.5463
Europe,2011,77.0825
Europe,2012,77.253
Europe,2013,77.5811
Europe,2014,77.9223
Europe,2015,77.9916
Falkland Islands,2000,71.3132
Falkland Islands,2001,72.6061
Falkland Islands,2002,73.3126
Falkland Islands,2003,74.0116
Falkland Islands,2004,74.6978
Falkland Islands,2005,75.3473
Falkland Islands,2006,75.948
Falkland Islands,2007,76.4903
Falkland Islands,2008,76.9851
Falkland Islands,2009,77.4657
Falkland Islands,2010,77.7223
Falkland Islands,2011,78.1262
Falkland Islands,2012,78.1563
Falkland Islands,2013,78.254
Falkland Islands,2014,78.5214
Falkland Islands,2015,78.2487
Faroe Islands,2000,77.7361
Faroe Islands,2001,76.8707
Faroe Islands,2002,76.6253
Faroe Islands,2003,78.2565
Faroe Islands,2004,77.0024
Faroe Islands,2005,75.6966
Faroe Islands,2006,77.8412
Faroe Islands,2007,78.1901
Faroe Islands,2008,78.0189
Faroe Islands,2009,78.6356
Faroe Islands,2010,77.2458
Faroe Islands,2011,78.2244
Faroe Islands,2012,78.9488
Faroe Islands,2013,78.8256
Faroe Islands,2014,79.8886
Faroe Islands,2015,79.7437
Fiji,2000,66.31
Fiji,2001,66.3399
Fiji,2002,65.7482
Fiji,2003,66.1775
Fiji,2004,66.4243
Fiji,2005,66.6325
Fiji,2006,66.8553
Fiji,2007,66.8261
Fiji,2008,66.9346
Fiji,2009,67.0888
Fiji,2010,67.3276
Fiji,2011,67.5234
Fiji,2012,67.5515
Fiji,2013,67.428
Fiji,2014,67.3764
Fiji,2015,66.8436
Finland,2000,77.6712
Finland,2001,78.1422
Finland,2002,78.2698
Finland,2003,78.5333
Finland,2004,78.846
Finland,2005,78.9713
Finland,2006,79.3729
Finland,2007,79.3907
Finland,2008,79.695
Finland,2009,79.831
Finland,2010,80.0117
Finland,2011,80.3915
Finland,2012,80.5008
Finland,2013,80.8831
Finland,2014,81.0125
Finland,2015,81.4178
France,2000,79.0472
France,2001,79.2235
France,2002,79.4129
France,2003,79.421
France,2004,80.3393
France,2005,80.3394
France,2006,80.7483
France,2007,80.9672
France,2008,81.049
France,2009,81.1777
France,2010,81.4275
France,2011,81.813
France,2012,81.774
France,2013,82.0159
France,2014,82.4761
France,2015,82.1857
French Guiana,2000,73.3717
French Guiana,2001,73.5482
French Guiana,2002,73.666
French Guiana,2003,73.7606
French Guiana,2004,73.9071
French Guiana,2005,74.2532
French Guiana,2006,74.6861
French Guiana,2007,75.295
French Guiana,2008,75.4224
French Guiana,2009,75.6897
French Guiana,2010,75.802
French Guiana,2011,76.3049
French Guiana,2012,76.4629
French Guiana,2013,76.5278
French Guiana,2014,76.7023
French Guiana,2015,76.7411
French Polynesia,2000,79.5357
French Polynesia,2001,79.6847
French Polynesia,2002,79.7114
French Polynesia,2003,79.7031
French Polynesia,2004,79.6962
French Polynesia,2005,79.7355
French Polynesia,2006,79.8424
French Polynesia,2007,80.0202
French Polynesia,2008,80.3014
French Polynesia,2009,80.6646
French Polynesia,2010,81.0392
French Polynesia,2011,81.4292
French Polynesia,2012,81.7588
French Polynesia,2013,82.0166
French Polynesia,2014,82.2136
French Polynesia,2015,82.3544
Gabon,2000,61.069
Gabon,2001,61.2697
Gabon,2002,61.2916
Gabon,2003,61.6706
Gabon,2004,61.8378
Gabon,2005,61.9594
Gabon,2006,62.3746
Gabon,2007,62.6183
Gabon,2008,63.0829
Gabon,2009,63.3032
Gabon,2010,63.8977
Gabon,2011,64.0453
Gabon,2012,64.5871
Gabon,2013,64.7765
Gabon,2014,64.9743
Gabon,2015,65.4599
Gambia,2000,56.9421
Gambia,2001,57.0432
Gambia,2002,57.0798
Gambia,2003,57.5864
Gambia,2004,58.0878
Gambia,2005,58.3935
Gambia,2006,59.0596
Gambia,2007,59.3935
Gambia,2008,60.0817
Gambia,2009,60.4267
Gambia,2010,60.7166
Gambia,2011,61.5257
Gambia,2012,62.0961
Gambia,2013,62.1138
Gambia,2014,62.2688
Gambia,2015,62.494
Georgia,2000,69.5754
Georgia,2001,69.6063
Georgia,2002,70.0244
Georgia,2003,70.3327
Georgia,2004,70.5674
Georgia,2005,71.13
Georgia,2006,71.394
Georgia,2007,71.5679
Georgia,2008,71.3323
Georgia,2009,71.9498
Georgia,2010,72.1277
Georgia,2011,72.3902
Georgia,2012,72.412
Georgia,2013,72.6284
Georgia,2014,73.0993
Georgia,2015,73.2972
Germany,2000,78.0637
Germany,2001,78.4095
Germany,2002,78.4827
Germany,2003,78.5443
Germany,2004,79.1263
Germany,2005,79.2618
Germany,2006,79.5906
Germany,2007,79.7412
Germany,2008,79.8261
Germany,2009,79.9248
Germany,2010,80.0864
Germany,2011,80.36
Germany,2012,80.5058
Germany,2013,80.4633
Germany,2014,80.9151
Germany,2015,80.5742
Ghana,2000,58.195
Ghana,2001,58.1072
Ghana,2002,58.6079
Ghana,2003,59.1108
Ghana,2004,59.1914
Ghana,2005,59.7601
Ghana,2006,59.9883
Ghana,2007,60.2243
Ghana,2008,60.49
Ghana,2009,60.946
Ghana,2010,61.1571
Ghana,2011,61.6517
Ghana,2012,62.0805
Ghana,2013,62.4205
Ghana,2014,63.0447
Ghana,2015,63.1752
Gibraltar,2000,81.3698
Gibraltar,2001,81.0873
Gibraltar,2002,80.26
Gibraltar,2003,79.6941
Gibraltar,2004,80.9478
Gibraltar,2005,81.4416
Gibraltar,2006,80.3928
Gibraltar,2007,78.5142
Gibraltar,2008,80.1296
Gibraltar,2009,81.2433
Gibraltar,2010,80.958
Gibraltar,2011,81.8715
Gibraltar,2012,83.3658
Gibraltar,2013,80.5502
Gibraltar,2014,81.8822
Gibraltar,2015,80.4269
Greece,2000,78.3771
Greece,2001,78.8359
Greece,2002,78.9691
Greece,2003,79.0293
Greece,2004,79.2893
Greece,2005,79.5899
Greece,2006,79.7073
Greece,2007,79.612
Greece,2008,80.049
Greece,2009,80.2994
Greece,2010,80.5102
Greece,2011,80.5469
Greece,2012,80.3409
Greece,2013,80.9738
Greece,2014,81.007
Greece,2015,80.6676
Greenland,2000,67.4691
Greenland,2001,68.1631
Greenland,2002,68.8688
Greenland,2003,69.6889
Greenland,2004,69.4786
Greenland,2005,69.1251
Greenland,2006,69.7758
Greenland,2007,69.5847
Greenland,2008,70.3975
Greenland,2009,70.3486
Greenland,2010,70.3271
Greenland,2011,70.8311
Greenland,2012,71.4352
Greenland,2013,71.9923
Greenland,2014,71.9365
Greenland,2015,72.1071
Grenada,2000,72.7829
Grenada,2001,73.1181
Grenada,2002,73.167
Grenada,2003,73.1875
Grenada,2004,71.7876
Grenada,2005,73.5214
Grenada,2006,73.7004
Grenada,2007,74.3165
Grenada,2008,74.6558
Grenada,2009,75.0363
Grenada,2010,74.9988
Grenada,2011,75.2947
Grenada,2012,75.0416
Grenada,2013,75.1161
Grenada,2014,74.985
Grenada,2015,75.0125
Guadeloupe,2000,77.4298
Guadeloupe,2001,77.748
Guadeloupe,2002,78.0656
Guadeloupe,2003,78.3526
Guadeloupe,2004,78.7038
Guadeloupe,2005,78.6727
Guadeloupe,2006,78.9627
Guadeloupe,2007,79.4595
Guadeloupe,2008,79.8596
Guadeloupe,2009,79.9942
Guadeloupe,2010,80.5196
Guadeloupe,2011,81.0245
Guadeloupe,2012,81.6097
Guadeloupe,2013,81.4403
Guadeloupe,2014,81.7894
Guadeloupe,2015,81.8895
Guam,2000,74.4169
Guam,2001,75.4105
Guam,2002,75.7926
Guam,2003,76.504
Guam,2004,76.9229
Guam,2005,77.1818
Guam,2006,77.1363
Guam,2007,77.0982
Guam,2008,77.185
Guam,2009,77.0937
Guam,2010,76.8788
Guam,2011,76.872
Guam,2012,76.7068
Guam,2013,76.7196
Guam,2014,76.7492
Guam,2015,76.6163
Guatemala,2000,67.4459
Guatemala,2001,67.9464
Guatemala,2002,68.3865
Guatemala,2003,68.7969
Guatemala,2004,69.1648
Guatemala,2005,69.1675
Guatemala,2006,69.8124
Guatemala,2007,70.1002
Guatemala,2008,70.3556
Guatemala,2009,70.6414
Guatemala,2010,70.8783
Guatemala,2011,71.1769
Guatemala,2012,71.463
Guatemala,2013,71.728
Guatemala,2014,71.9638
Guatemala,2015,72.103
Guernsey,2000,79.7982
Guernsey,2001,79.9335
Guernsey,2002,79.9909
Guernsey,2003,79.9411
Guernsey,2004,80.6335
Guernsey,2005,80.9738
Guernsey,2006,81.8095
Guernsey,2007,81.6688
Guernsey,2008,82.7282
Guernsey,2009,81.9961
Guernsey,2010,82.4289
Guernsey,2011,82.9009
Guernsey,2012,82.4136
Guernsey,2013,82.3541
Guernsey,2014,82.8279
Guernsey,2015,82.283
Guinea,2000,52.4794
Guinea,2001,52.6624
Guinea,2002,53.2782
Guinea,2003,53.6779
Guinea,2004,54.1165
Guinea,2005,54.6316
Guinea,2006,55.1082
Guinea,2007,55.5526
Guinea,2008,56.044
Guinea,2009,56.3481
Guinea,2010,56.7197
Guinea,2011,57.0191
Guinea,2012,57.4064
Guinea,2013,57.7906
Guinea,2014,57.8858
Guinea,2015,58.1336
Guinea-Bissau,2000,50.1209
Guinea-Bissau,2001,50.445
Guinea-Bissau,2002,50.9855
Guinea-Bissau,2003,51.405
Guinea-Bissau,2004,52.1496
Guinea-Bissau,2005,52.2492
Guinea-Bissau,2006,53.3712
Guinea-Bissau,2007,54.155
Guinea-Bissau,2008,54.6462
Guinea-Bissau,2009,55.5415
Guinea-Bissau,2010,56.2295
Guinea-Bissau,2011,56.9667
Guinea-Bissau,2012,57.6901
Guinea-Bissau,2013,58.2324
Guinea-Bissau,2014,58.6096
Guinea-Bissau,2015,59.1282
Guyana,2000,64.4833
Guyana,2001,64.7882
Guyana,2002,64.7275
Guyana,2003,64.6003
Guyana,2004,64.9305
Guyana,2005,65.132
Guyana,2006,65.6666
Guyana,2007,66.2535
Guyana,2008,66.288
Guyana,2009,66.5625
Guyana,2010,66.743
Guyana,2011,66.9818
Guyana,2012,67.2298
Guyana,2013,67.4727
Guyana,2014,67.8818
Guyana,2015,68.2015
Haiti,2000,58.3652
Haiti,2001,58.4886
Haiti,2002,58.8545
Haiti,2003,59.5065
Haiti,2004,58.4755
Haiti,2005,60.4153
Haiti,2006,60.7632
Haiti,2007,61.103
Haiti,2008,61.3322
Haiti,2009,61.7409
Haiti,2010,46.0185
Haiti,2011,61.6227
Haiti,2012,62.2915
Haiti,2013,62.6047
Haiti,2014,62.9875
Haiti,2015,63.2372
High-income countries,2000,77.6258
High-income countries,2001,77.9016
High-income countries,2002,78.0455
High-income countries,2003,78.1265
High-income countries,2004,78.5874
High-income countries,2005,78.6936
High-income countries,2006,79.0584
High-income countries,2007,79.2614
High-income countries,2008,79.4636
High-income countries,2009,79.764
High-income countries,2010,79.9826
High-income countries,2011,80.1548
High-income countries,2012,80.284
High-income countries,2013,80.4795
High-income countries,2014,80.7093
High-income countries,2015,80.6011
Honduras,2000,68.6618
Honduras,2001,69.0061
Honduras,2002,69.3664
Honduras,2003,69.5071
Honduras,2004,69.7957
Honduras,2005,70.1041
Honduras,2006,70.2608
Honduras,2007,70.3765
Honduras,2008,70.4414
Honduras,2009,70.9113
Honduras,2010,71.0884
Honduras,2011,71.4386
Honduras,2012,71.7344
Honduras,2013,71.9629
Honduras,2014,72.2594
Honduras,2015,72.4871
Hong Kong,2000,80.7461
Hong Kong,2001,81.1114
Hong Kong,2002,81.2536
Hong Kong,2003,81.2243
Hong Kong,2004,81.4125
Hong Kong,2005,81.7707
Hong Kong,2006,82.0112
Hong Kong,2007,82.2309
Hong Kong,2008,82.3626
Hong Kong,2009,82.5886
Hong Kong,2010,82.993
Hong Kong,2011,83.2321
Hong Kong,2012,83.561
Hong Kong,2013,83.8058
Hong Kong,2014,84.0767
Hong Kong,2015,84.2888
Hungary,2000,71.7579
Hungary,2001,72.3942
Hungary,2002,72.5074
Hungary,2003,72.5137
Hungary,2004,72.906
Hungary,2005,72.8648
Hungary,2006,73.3444
Hungary,2007,73.4316
Hungary,2008,73.9576
Hungary,2009,74.1794
Hungary,2010,74.5192
Hungary,2011,74.9232
Hungary,2012,75.1808
Hungary,2013,75.6809
Hungary,2014,75.8474
Hungary,2015,75.6517
Iceland,2000,79.8915
Iceland,2001,80.7039
Iceland,2002,80.5426
Iceland,2003,80.7763
Iceland,2004,80.9788
Iceland,2005,81.2416
Iceland,2006,81.2385
Iceland,2007,81.3511
Iceland,2008,81.3883
Iceland,2009,81.5565
Iceland,2010,81.7003
Iceland,2011,82.178
Iceland,2012,82.5564
Iceland,2013,81.9289
Iceland,2014,82.6133
Iceland,2015,82.3508
India,2000,62.6693
India,2001,63.0913
India,2002,63.616
India,2003,64.0942
India,2004,64.5244
India,2005,64.9955
India,2006,65.4123
India,2007,65.7884
India,2008,66.149
India,2009,66.5132
India,2010,66.9086
India,2011,67.359
India,2012,67.8872
India,2013,68.4598
India,2014,69.0736
India,2015,69.6363
Indonesia,2000,66.4334
Indonesia,2001,66.7577
Indonesia,2002,67.1336
Indonesia,2003,67.4126
Indonesia,2004,65.7503
Indonesia,2005,67.6492
Indonesia,2006,67.9144
Indonesia,2007,68.1893
Indonesia,2008,68.2261
Indonesia,2009,68.4936
Indonesia,2010,68.6793
Indonesia,2011,68.8228
Indonesia,2012,68.973
Indonesia,2013,69.2641
Indonesia,2014,69.5333
Indonesia,2015,69.6989
Iran,2000,69.6909
Iran,2001,69.9546
Iran,2002,70.4454
Iran,2003,69.8231
Iran,2004,71.3703
Iran,2005,71.8384
Iran,2006,72.2761
Iran,2007,72.772
Iran,2008,72.6244
Iran,2009,72.6979
Iran,2010,73.0691
Iran,2011,73.6786
Iran,2012,74.186
Iran,2013,74.4493
Iran,2014,74.7825
Iran,2015,75.1239
Iraq,2000,66.8171
Iraq,2001,67.0339
Iraq,2002,67.0836
Iraq,2003,65.6427
Iraq,2004,65.0307
Iraq,2005,64.8438
Iraq,2006,63.5873
Iraq,2007,63.5527
Iraq,2008,64.9421
Iraq,2009,66.4457
Iraq,2010,67.0622
Iraq,2011,67.659
Iraq,2012,68.0232
Iraq,2013,68.2534
Iraq,2014,68.9136
Iraq,2015,69.4403
Ireland,2000,76.5423
Ireland,2001,77.1087
Ireland,2002,77.5999
Ireland,2003,78.1107
Ireland,2004,78.5126
Ireland,2005,78.9162
Ireland,2006,79.1518
Ireland,2007,79.5547
Ireland,2008,79.7625
Ireland,2009,80.0461
Ireland,2010,80.5226
Ireland,2011,80.6332
Ireland,2012,80.7523
Ireland,2013,80.9675
Ireland,2014,81.3067
Ireland,2015,81.4163
Isle of Man,2000,74.7255
Isle of Man,2001,75.5095
Isle of Man,2002,75.4196
Isle of Man,2003,76.096
Isle of Man,2004,76.9661
Isle of Man,2005,77.6228
Isle of Man,2006,78.1909
Isle of Man,2007,78.3309
Isle of Man,2008,78.4487
Isle of Man,2009,78.6814
Isle of Man,2010,78.9829
Isle of Man,2011,79.1901
Isle of Man,2012,79.3367
Isle of Man,2013,79.4732
Isle of Man,2014,80.0371
Isle of Man,2015,78.9047
Israel,2000,78.9276
Israel,2001,79.3448
Israel,2002,79.2593
Israel,2003,79.6242
Israel,2004,80.1467
Israel,2005,80.2171
Israel,2006,80.5057
Israel,2007,80.6651
Israel,2008,81.0552
Israel,2009,81.5756
Israel,2010,81.7443
Israel,2011,81.7274
Israel,2012,81.7346
Israel,2013,82.1154
Israel,2014,82.2236
Israel,2015,82.0999
Italy,2000,79.6072
Italy,2001,79.8859
Italy,2002,80.1136
Italy,2003,80.1929
Italy,2004,81.0199
Italy,2005,81.023
Italy,2006,81.4169
Italy,2007,81.5029
Italy,2008,81.6466
Italy,2009,81.7633
Italy,2010,82.1371
Italy,2011,82.235
Italy,2012,82.2588
Italy,2013,82.6599
Italy,2014,82.908
Italy,2015,82.5255
Jamaica,2000,70.9442
Jamaica,2001,70.758
Jamaica,2002,70.8882
Jamaica,2003,70.8062
Jamaica,2004,70.8603
Jamaica,2005,71.0438
Jamaica,2006,71.1993
Jamaica,2007,71.4179
Jamaica,2008,71.6122
Jamaica,2009,72.1238
Jamaica,2010,72.6219
Jamaica,2011,73.0942
Jamaica,2012,73.4335
Jamaica,2013,73.4119
Jamaica,2014,72.982
Jamaica,2015,72.394
Japan,2000,81.1759
Japan,2001,81.509
Japan,2002,81.7953
Japan,2003,81.8558
Japan,2004,82.1309
Japan,2005,82.012
Japan,2006,82.3765
Japan,2007,82.5544
Japan,2008,82.6382
Japan,2009,82.9742
Japan,2010,82.9193
Japan,2011,82.6756
Japan,2012,83.1755
Japan,2013,83.4107
Japan,2014,83.6525
Japan,2015,83.8928
Jersey,2000,78.714
Jersey,2001,78.829
Jersey,2002,78.17
Jersey,2003,79.4006
Jersey,2004,79.7869
Jersey,2005,79.9287
Jersey,2006,79.9667
Jersey,2007,80.8403
Jersey,2008,80.4116
Jersey,2009,80.3576
Jersey,2010,80.2917
Jersey,2011,80.9855
Jersey,2012,80.6632
Jersey,2013,80.9931
Jersey,2014,81.2998
Jersey,2015,80.9121
Jordan,2000,71.9178
Jordan,2001,72.1467
Jordan,2002,72.3585
Jordan,2003,72.5734
Jordan,2004,72.7725
Jordan,2005,72.9321
Jordan,2006,73.1449
Jordan,2007,73.3728
Jordan,2008,73.591
Jordan,2009,73.8014
Jordan,2010,73.9996
Jordan,2011,74.1891
Jordan,2012,74.3659
Jordan,2013,74.5621
Jordan,2014,74.7889
Jordan,2015,75.0112
Kazakhstan,2000,64.1781
Kazakhstan,2001,64.3676
Kazakhstan,2002,64.2693
Kazakhstan,2003,64.5543
Kazakhstan,2004,64.8566
Kazakhstan,2005,65.117
Kazakhstan,2006,65.627
Kazakhstan,2007,65.928
Kazakhstan,2008,66.7018
Kazakhstan,2009,67.2789
Kazakhstan,2010,68.1157
Kazakhstan,2011,68.7452
Kazakhstan,2012,69.1295
Kazakhstan,2013,69.8136
Kazakhstan,2014,70.3334
Kazakhstan,2015,70.7265
Kenya,2000,54.4112
Kenya,2001,54.5079
Kenya,2002,54.9896
Kenya,2003,55.601
Kenya,2004,56.3615
Kenya,2005,57.344
Kenya,2006,58.2222
Kenya,2007,58.8651
Kenya,2008,59.6141
Kenya,2009,60.3649
Kenya,2010,60.649
Kenya,2011,61.0458
Kenya,2012,61.1152
Kenya,2013,61.3891
Kenya,2014,61.8162
Kenya,2015,61.8922
Kiribati,2000,64.4091
Kiribati,2001,64.655
Kiribati,2002,64.8402
Kiribati,2003,64.9539
Kiribati,2004,64.9893
Kiribati,2005,64.9666
Kiribati,2006,64.9058
Kiribati,2007,64.8436
Kiribati,2008,64.8335
Kiribati,2009,64.8924
Kiribati,2010,65.0161
Kiribati,2011,65.1901
Kiribati,2012,65.3776
Kiribati,2013,65.5884
Kiribati,2014,65.8147
Kiribati,2015,66.0589
Kosovo,2000,74.0718
Kosovo,2001,74.3937
Kosovo,2002,74.6757
Kosovo,2003,74.9682
Kosovo,2004,75.3042
Kosovo,2005,75.6156
Kosovo,2006,75.6356
Kosovo,2007,76.5165
Kosovo,2008,77.392
Kosovo,2009,77.6654
Kosovo,2010,77.63
Kosovo,2011,77.7404
Kosovo,2012,78.2796
Kosovo,2013,78.587
Kosovo,2014,78.8801
Kosovo,2015,78.9219
Kuwait,2000,76.722
Kuwait,2001,76.8915
Kuwait,2002,76.9822
Kuwait,2003,76.9848
Kuwait,2004,76.7924
Kuwait,2005,76.9027
Kuwait,2006,76.8868
Kuwait,2007,77.0168
Kuwait,2008,77.1455
Kuwait,2009,77.4416
Kuwait,2010,77.9817
Kuwait,2011,78.4636
Kuwait,2012,78.8118
Kuwait,2013,79.1641
Kuwait,2014,79.4449
Kuwait,2015,79.5624
Kyrgyzstan,2000,65.3982
Kyrgyzstan,2001,65.7632
Kyrgyzstan,2002,65.8621
Kyrgyzstan,2003,66.1857
Kyrgyzstan,2004,66.2967
Kyrgyzstan,2005,66.3854
Kyrgyzstan,2006,66.7778
Kyrgyzstan,2007,67.0064
Kyrgyzstan,2008,67.2492
Kyrgyzstan,2009,67.7835
Kyrgyzstan,2010,68.254
Kyrgyzstan,2011,68.5778
Kyrgyzstan,2012,68.9933
Kyrgyzstan,2013,69.2173
Kyrgyzstan,2014,69.8862
Kyrgyzstan,2015,69.9963
Land-locked Developing Countries (LLDC),2000,53.5791
Land-locked Developing Countries (LLDC),2001,53.9245
Land-locked Developing Countries (LLDC),2002,54.5475
Land-locked Developing Countries (LLDC),2003,55.2809
Land-locked Developing Countries (LLDC),2004,56.0211
Land-locked Developing Countries (LLDC),2005,56.6869
Land-locked Developing Countries (LLDC),2006,57.4662
Land-locked Developing Countries (LLDC),2007,58.192
Land-locked Developing Countries (LLDC),2008,58.9636
Land-locked Developing Countries (LLDC),2009,59.6964
Land-locked Developing Countries (LLDC),2010,60.4286
Land-locked Developing Countries (LLDC),2011,61.1749
Land-locked Developing Countries (LLDC),2012,61.8342
Land-locked Developing Countries (LLDC),2013,62.4491
Land-locked Developing Countries (LLDC),2014,62.9001
Land-locked Developing Countries (LLDC),2015,63.3501
Laos,2000,58.3779
Laos,2001,59.0698
Laos,2002,59.5342
Laos,2003,60.0314
Laos,2004,60.2929
Laos,2005,60.9802
Laos,2006,61.4929
Laos,2007,62.0844
Laos,2008,62.6029
Laos,2009,63.2726
Laos,2010,63.9731
Laos,2011,64.7362
Laos,2012,65.3554
Laos,2013,65.7182
Laos,2014,66.3605
Laos,2015,66.67
Latin America and the Caribbean,2000,71.1372
Latin America and the Caribbean,2001,71.408
Latin America and the Caribbean,2002,71.7569
Latin America and the Caribbean,2003,71.9366
Latin America and the Caribbean,2004,72.2702
Latin America and the Caribbean,2005,72.6734
Latin America and the Caribbean,2006,72.8935
Latin America and the Caribbean,2007,73.0341
Latin America and the Caribbean,2008,73.2759
Latin America and the Caribbean,2009,73.4868
Latin America and the Caribbean,2010,73.1946
Latin America and the Caribbean,2011,73.8669
Latin America and the Caribbean,2012,74.1009
Latin America and the Caribbean,2013,74.3593
Latin America and the Caribbean,2014,74.5759
Latin America and the Caribbean,2015,74.6372
Latvia,2000,70.2517
Latvia,2001,70.0696
Latvia,2002,70.3509
Latvia,2003,70.6236
Latvia,2004,70.9252
Latvia,2005,70.7781
Latvia,2006,70.877
Latvia,2007,71.0566
Latvia,2008,72.0358
Latvia,2009,72.754
Latvia,2010,72.9538
Latvia,2011,73.6934
Latvia,2012,73.7447
Latvia,2013,74.1825
Latvia,2014,74.4319
Latvia,2015,74.6854
Least developed countries,2000,55.0574
Least developed countries,2001,55.5683
Least developed countries,2002,56.0698
Least developed countries,2003,56.7153
Least developed countries,2004,57.2381
Least developed countries,2005,57.8142
Least developed countries,2006,58.4518
Least developed countries,2007,58.9287
Least developed countries,2008,59.1136
Least developed countries,2009,60.1
Least developed countries,2010,60.5229
Least developed countries,2011,61.3113
Least developed countries,2012,61.9123
Least developed countries,2013,62.3808
Least developed countries,2014,62.8141
Least developed countries,2015,63.2189
Lebanon,2000,73.9309
Lebanon,2001,74.3648
Lebanon,2002,75.0642
Lebanon,2003,75.5932
Lebanon,2004,75.9761
Lebanon,2005,76.2726
Lebanon,2006,76.0796
Lebanon,2007,77.0801
Lebanon,2008,77.5844
Lebanon,2009,77.8892
Lebanon,2010,78.1559
Lebanon,2011,78.4036
Lebanon,2012,78.6284
Lebanon,2013,78.7652
Lebanon,2014,78.9727
Lebanon,2015,79.2294
Lesotho,2000,48.4266
Lesotho,2001,46.8493
Lesotho,2002,45.5946
Lesotho,2003,44.5296
Lesotho,2004,43.7108
Lesotho,2005,43.2325
Lesotho,2006,42.9136
Lesotho,2007,43.1225
Lesotho,2008,43.5657
Lesotho,2009,44.034
Lesotho,2010,45.5955
Lesotho,2011,46.6919
Lesotho,2012,47.8354
Lesotho,2013,49.0024
Lesotho,2014,50.0327
Lesotho,2015,51.1014
Less developed regions,2000,64.6705
Less developed regions,2001,65.0843
Less developed regions,2002,65.455
Less developed regions,2003,65.8258
Less developed regions,2004,66.1018
Less developed regions,2005,66.5652
Less developed regions,2006,67.0074
Less developed regions,2007,67.333
Less developed regions,2008,67.5783
Less developed regions,2009,68.0619
Less developed regions,2010,68.3973
Less developed regions,2011,68.8198
Less developed regions,2012,69.2011
Less developed regions,2013,69.5546
Less developed regions,2014,69.9243
Less developed regions,2015,70.2258
"Less developed regions, excluding China",2000,62.6002
"Less developed regions, excluding China",2001,62.9321
"Less developed regions, excluding China",2002,63.315
"Less developed regions, excluding China",2003,63.6923
"Less developed regions, excluding China",2004,63.9489
"Less developed regions, excluding China",2005,64.4419
"Less developed regions, excluding China",2006,64.8884
"Less developed regions, excluding China",2007,65.2284
"Less developed regions, excluding China",2008,65.5018
"Less developed regions, excluding China",2009,65.9783
"Less developed regions, excluding China",2010,66.3382
"Less developed regions, excluding China",2011,66.7941
"Less developed regions, excluding China",2012,67.1808
"Less developed regions, excluding China",2013,67.5765
"Less developed regions, excluding China",2014,67.9774
"Less developed regions, excluding China",2015,68.315
"Less developed regions, excluding least developed countries",2000,66.5702
"Less developed regions, excluding least developed countries",2001,66.9624
"Less developed regions, excluding least developed countries",2002,67.31
"Less developed regions, excluding least developed countries",2003,67.6354
"Less developed regions, excluding least developed countries",2004,67.8627
"Less developed regions, excluding least developed countries",2005,68.3035
"Less developed regions, excluding least developed countries",2006,68.706
"Less developed regions, excluding least developed countries",2007,68.9963
"Less developed regions, excluding least developed countries",2008,69.2537
"Less developed regions, excluding least developed countries",2009,69.6261
"Less developed regions, excluding least developed countries",2010,69.9534
"Less developed regions, excluding least developed countries",2011,70.3006
"Less developed regions, excluding least developed countries",2012,70.6364
"Less developed regions, excluding least developed countries",2013,70.967
"Less developed regions, excluding least developed countries",2014,71.3298
"Less developed regions, excluding least developed countries",2015,71.6204
Liberia,2000,51.356
Liberia,2001,52.7518
Liberia,2002,53.7879
Liberia,2003,53.0424
Liberia,2004,56.0131
Liberia,2005,56.9117
Liberia,2006,57.6199
Liberia,2007,58.2845
Liberia,2008,58.7717
Liberia,2009,59.1942
Liberia,2010,59.4331
Liberia,2011,59.6198
Liberia,2012,59.9128
Liberia,2013,59.9426
Liberia,2014,59.1208
Liberia,2015,59.1485
Libya,2000,70.6804
Libya,2001,70.8611
Libya,2002,71.004
Libya,2003,71.1322
Libya,2004,71.4896
Libya,2005,71.5917
Libya,2006,71.7237
Libya,2007,71.8628
Libya,2008,72.2687
Libya,2009,72.3555
Libya,2010,72.3741
Libya,2011,70.0707
Libya,2012,72.2473
Libya,2013,72.3397
Libya,2014,71.5114
Libya,2015,71.6982
Liechtenstein,2000,76.9804
Liechtenstein,2001,79.4788
Liechtenstein,2002,79.8533
Liechtenstein,2003,80.1791
Liechtenstein,2004,82.0
Liechtenstein,2005,80.8225
Liechtenstein,2006,81.16
Liechtenstein,2007,81.5032
Liechtenstein,2008,82.8849
Liechtenstein,2009,81.6802
Liechtenstein,2010,81.9987
Liechtenstein,2011,81.9326
Liechtenstein,2012,82.4981
Liechtenstein,2013,82.425
Liechtenstein,2014,82.2187
Liechtenstein,2015,82.8061
Lithuania,2000,72.0888
Lithuania,2001,71.7902
Lithuania,2002,71.8008
Lithuania,2003,72.1439
Lithuania,2004,72.228
Lithuania,2005,71.7418
Lithuania,2006,71.5768
Lithuania,2007,71.5366
Lithuania,2008,72.417
Lithuania,2009,73.1775
Lithuania,2010,73.4236
Lithuania,2011,73.9256
Lithuania,2012,74.2029
Lithuania,2013,74.3116
Lithuania,2014,74.8426
Lithuania,2015,74.6103
Low-income countries,2000,52.5474
Low-income countries,2001,53.0727
Low-income countries,2002,53.5847
Low-income countries,2003,54.5762
Low-income countries,2004,55.1323
Low-income countries,2005,55.7727
Low-income countries,2006,56.6271
Low-income countries,2007,57.3342
Low-income countries,2008,57.977
Low-income countries,2009,58.7361
Low-income countries,2010,59.3013
Low-income countries,2011,59.9252
Low-income countries,2012,60.2932
Low-income countries,2013,60.7187
Low-income countries,2014,61.1275
Low-income countries,2015,61.5771
Lower-middle-income countries,2000,62.1728
Lower-middle-income countries,2001,62.5146
Lower-middle-income countries,2002,62.9393
Lower-middle-income countries,2003,63.2993
Lower-middle-income countries,2004,63.5065
Lower-middle-income countries,2005,64.0004
Lower-middle-income countries,2006,64.432
Lower-middle-income countries,2007,64.7274
Lower-middle-income countries,2008,64.9001
Lower-middle-income countries,2009,65.3699
Lower-middle-income countries,2010,65.6988
Lower-middle-income countries,2011,66.1636
Lower-middle-income countries,2012,66.5505
Lower-middle-income countries,2013,66.9433
Lower-middle-income countries,2014,67.375
Lower-middle-income countries,2015,67.7554
Luxembourg,2000,77.8112
Luxembourg,2001,78.1614
Luxembourg,2002,78.3607
Luxembourg,2003,77.7679
Luxembourg,2004,79.2197
Luxembourg,2005,79.4015
Luxembourg,2006,79.4147
Luxembourg,2007,79.4774
Luxembourg,2008,80.4718
Luxembourg,2009,80.6129
Luxembourg,2010,80.5731
Luxembourg,2011,80.7663
Luxembourg,2012,80.9818
Luxembourg,2013,81.3663
Luxembourg,2014,81.7343
Luxembourg,2015,81.8384
Macao,2000,80.9594
Macao,2001,81.1794
Macao,2002,81.2928
Macao,2003,81.5011
Macao,2004,81.6914
Macao,2005,82.0329
Macao,2006,82.2574
Macao,2007,82.543
Macao,2008,82.8933
Macao,2009,83.2764
Macao,2010,83.1091
Macao,2011,83.2289
Macao,2012,83.3259
Macao,2013,83.7266
Macao,2014,83.8835
Macao,2015,83.9837
Madagascar,2000,57.9382
Madagascar,2001,58.5702
Madagascar,2002,58.8925
Madagascar,2003,59.491
Madagascar,2004,60.1487
Madagascar,2005,60.5697
Madagascar,2006,61.3152
Madagascar,2007,61.7571
Madagascar,2008,62.1418
Madagascar,2009,62.7343
Madagascar,2010,62.8729
Madagascar,2011,63.4942
Madagascar,2012,63.5436
Madagascar,2013,63.9616
Madagascar,2014,64.2553
Madagascar,2015,64.339
Malawi,2000,44.5181
Malawi,2001,45.895
Malawi,2002,47.2214
Malawi,2003,48.79
Malawi,2004,50.4534
Malawi,2005,52.0445
Malawi,2006,53.2377
Malawi,2007,53.946
Malawi,2008,54.6036
Malawi,2009,55.4476
Malawi,2010,56.3806
Malawi,2011,57.4547
Malawi,2012,58.6786
Malawi,2013,59.7288
Malawi,2014,60.8991
Malawi,2015,61.3781
Malaysia,2000,72.7755
Malaysia,2001,73.3439
Malaysia,2002,73.5627
Malaysia,2003,73.7964
Malaysia,2004,73.8985
Malaysia,2005,74.0959
Malaysia,2006,74.1642
Malaysia,2007,74.2109
Malaysia,2008,74.2502
Malaysia,2009,74.2266
Malaysia,2010,74.4423
Malaysia,2011,74.7459
Malaysia,2012,74.944
Malaysia,2013,75.0348
Malaysia,2014,75.1459
Malaysia,2015,75.0942
Maldives,2000,70.8759
Maldives,2001,72.1809
Maldives,2002,73.2915
Maldives,2003,74.0602
Maldives,2004,73.5379
Maldives,2005,74.7506
Maldives,2006,75.1296
Maldives,2007,75.6858
Maldives,2008,76.5428
Maldives,2009,77.0689
Maldives,2010,77.6573
Maldives,2011,78.1245
Maldives,2012,78.6822
Maldives,2013,79.0566
Maldives,2014,79.424
Maldives,2015,79.6953
Mali,2000,50.5393
Mali,2001,51.2838
Mali,2002,52.2222
Mali,2003,52.8926
Mali,2004,53.5385
Mali,2005,54.0029
Mali,2006,54.6149
Mali,2007,54.9411
Mali,2008,55.2907
Mali,2009,55.8745
Mali,2010,56.3817
Mali,2011,56.7553
Mali,2012,57.0792
Mali,2013,57.3567
Mali,2014,57.9003
Mali,2015,58.3632
Malta,2000,77.58
Malta,2001,79.015
Malta,2002,78.4667
Malta,2003,78.7634
Malta,2004,79.1944
Malta,2005,79.6465
Malta,2006,79.7788
Malta,2007,80.0877
Malta,2008,80.0945
Malta,2009,80.676
Malta,2010,81.8134
Malta,2011,81.1465
Malta,2012,81.3905
Malta,2013,82.0149
Malta,2014,82.7362
Malta,2015,82.9621
Marshall Islands,2000,63.2748
Marshall Islands,2001,63.6425
Marshall Islands,2002,63.7195
Marshall Islands,2003,63.7451
Marshall Islands,2004,63.6954
Marshall Islands,2005,63.5852
Marshall Islands,2006,63.4894
Marshall Islands,2007,63.3597
Marshall Islands,2008,63.2355
Marshall Islands,2009,63.2295
Marshall Islands,2010,63.2261
Marshall Islands,2011,63.2558
Marshall Islands,2012,63.3733
Marshall Islands,2013,63.4642
Marshall Islands,2014,63.6229
Marshall Islands,2015,63.8274
Martinique,2000,77.7255
Martinique,2001,77.8142
Martinique,2002,78.427
Martinique,2003,78.9311
Martinique,2004,79.4576
Martinique,2005,80.0416
Martinique,2006,80.256
Martinique,2007,80.5883
Martinique,2008,80.713
Martinique,2009,80.9931
Martinique,2010,81.5931
Martinique,2011,82.1251
Martinique,2012,82.2238
Martinique,2013,82.4445
Martinique,2014,82.3074
Martinique,2015,82.2238
Mauritania,2000,61.0282
Mauritania,2001,61.1852
Mauritania,2002,61.2679
Mauritania,2003,61.3473
Mauritania,2004,61.5931
Mauritania,2005,61.656
Mauritania,2006,61.8909
Mauritania,2007,62.2285
Mauritania,2008,62.399
Mauritania,2009,62.8005
Mauritania,2010,63.1049
Mauritania,2011,63.3456
Mauritania,2012,63.5779
Mauritania,2013,63.9106
Mauritania,2014,64.1546
Mauritania,2015,64.4847
Mauritius,2000,71.6366
Mauritius,2001,71.8868
Mauritius,2002,72.0109
Mauritius,2003,72.2796
Mauritius,2004,72.4841
Mauritius,2005,72.6748
Mauritius,2006,72.8912
Mauritius,2007,73.0795
Mauritius,2008,73.3384
Mauritius,2009,73.6335
Mauritius,2010,73.9987
Mauritius,2011,74.2406
Mauritius,2012,74.368
Mauritius,2013,74.7117
Mauritius,2014,74.8523
Mauritius,2015,74.9754
Mayotte,2000,75.3472
Mayotte,2001,75.5681
Mayotte,2002,75.7917
Mayotte,2003,76.0426
Mayotte,2004,76.2718
Mayotte,2005,76.4169
Mayotte,2006,76.5157
Mayotte,2007,76.6715
Mayotte,2008,76.8222
Mayotte,2009,77.0649
Mayotte,2010,77.3114
Mayotte,2011,77.5359
Mayotte,2012,77.6962
Mayotte,2013,77.6949
Mayotte,2014,77.5947
Mayotte,2015,77.4174
Mexico,2000,73.5692
Mexico,2001,73.8668
Mexico,2002,74.1059
Mexico,2003,74.2743
Mexico,2004,74.372
Mexico,2005,74.3765
Mexico,2006,74.3313
Mexico,2007,74.2384
Mexico,2008,74.1524
Mexico,2009,74.119
Mexico,2010,74.1901
Mexico,2011,74.3651
Mexico,2012,74.574
Mexico,2013,74.7391
Mexico,2014,74.7974
Mexico,2015,74.6822
Micronesia (country),2000,69.769
Micronesia (country),2001,70.4791
Micronesia (country),2002,69.4595
Micronesia (country),2003,70.7605
Micronesia (country),2004,70.8382
Micronesia (country),2005,70.8844
Micronesia (country),2006,71.0932
Micronesia (country),2007,71.0599
Micronesia (country),2008,71.1373
Micronesia (country),2009,71.1122
Micronesia (country),2010,71.2328
Micronesia (country),2011,71.318
Micronesia (country),2012,71.3981
Micronesia (country),2013,71.4985
Micronesia (country),2014,71.5287
Micronesia (country),2015,71.4079
Middle-income countries,2000,65.5669
Middle-income countries,2001,65.9617
Middle-income countries,2002,66.2777
Middle-income countries,2003,66.5872
Middle-income countries,2004,66.8668
Middle-income countries,2005,67.2982
Middle-income countries,2006,67.7607
Middle-income countries,2007,68.0887
Middle-income countries,2008,68.3053
Middle-income countries,2009,68.7989
Middle-income countries,2010,69.1105
Middle-income countries,2011,69.5613
Middle-income countries,2012,69.9571
Middle-income countries,2013,70.3152
Middle-income countries,2014,70.6927
Middle-income countries,2015,71.0022
Moldova,2000,66.4168
Moldova,2001,66.7866
Moldova,2002,66.9379
Moldova,2003,67.4194
Moldova,2004,67.8612
Moldova,2005,68.1689
Moldova,2006,68.4794
Moldova,2007,68.9471
Moldova,2008,69.3936
Moldova,2009,69.5732
Moldova,2010,69.3569
Moldova,2011,69.1919
Moldova,2012,69.1431
Moldova,2013,69.0988
Moldova,2014,69.0307
Moldova,2015,69.2396
Monaco,2000,81.5659
Monaco,2001,82.0539
Monaco,2002,82.5074
Monaco,2003,83.2861
Monaco,2004,84.2292
Monaco,2005,84.8081
Monaco,2006,84.6351
Monaco,2007,83.9201
Monaco,2008,83.1918
Monaco,2009,84.2081
Monaco,2010,84.6304
Monaco,2011,85.6032
Monaco,2012,84.5293
Monaco,2013,84.8656
Monaco,2014,84.8804
Monaco,2015,85.2585
Mongolia,2000,62.8821
Mongolia,2001,63.2786
Mongolia,2002,63.5178
Mongolia,2003,64.2078
Mongolia,2004,64.7955
Mongolia,2005,64.8787
Mongolia,2006,65.5128
Mongolia,2007,65.9701
Mongolia,2008,66.3821
Mongolia,2009,66.7658
Mongolia,2010,67.1822
Mongolia,2011,67.4393
Mongolia,2012,68.1114
Mongolia,2013,68.5854
Mongolia,2014,69.0472
Mongolia,2015,69.4977
Montenegro,2000,73.9793
Montenegro,2001,74.2326
Montenegro,2002,74.0432
Montenegro,2003,74.0749
Montenegro,2004,74.6954
Montenegro,2005,74.262
Montenegro,2006,74.0494
Montenegro,2007,74.5255
Montenegro,2008,75.305
Montenegro,2009,75.2687
Montenegro,2010,76.1387
Montenegro,2011,76.0684
Montenegro,2012,76.3268
Montenegro,2013,76.6085
Montenegro,2014,76.7465
Montenegro,2015,76.7561
Montserrat,2000,74.584
Montserrat,2001,74.3227
Montserrat,2002,74.7834
Montserrat,2003,76.3856
Montserrat,2004,76.5583
Montserrat,2005,73.9007
Montserrat,2006,74.174
Montserrat,2007,74.3008
Montserrat,2008,76.052
Montserrat,2009,74.2972
Montserrat,2010,74.2685
Montserrat,2011,74.4251
Montserrat,2012,74.5817
Montserrat,2013,74.7445
Montserrat,2014,74.8965
Montserrat,2015,74.9794
More developed regions,2000,75.2499
More developed regions,2001,75.4903
More developed regions,2002,75.5222
More developed regions,2003,75.6161
More developed regions,2004,76.1057
More developed regions,2005,76.1876
More developed regions,2006,76.7299
More developed regions,2007,77.0591
More developed regions,2008,77.2959
More developed regions,2009,77.7106
More developed regions,2010,77.9313
More developed regions,2011,78.2741
More developed regions,2012,78.4618
More developed regions,2013,78.7052
More developed regions,2014,78.9622
More developed regions,2015,78.989
Morocco,2000,66.7869
Morocco,2001,67.1798
Morocco,2002,67.5468
Morocco,2003,67.915
Morocco,2004,68.231
Morocco,2005,68.7039
Morocco,2006,69.1282
Morocco,2007,69.604
Morocco,2008,70.0481
Morocco,2009,70.4578
Morocco,2010,70.8288
Morocco,2011,71.2691
Morocco,2012,71.6789
Morocco,2013,72.1223
Morocco,2014,72.5377
Morocco,2015,72.9197
Mozambique,2000,49.4912
Mozambique,2001,50.0653
Mozambique,2002,50.5895
Mozambique,2003,50.8696
Mozambique,2004,51.2495
Mozambique,2005,51.561
Mozambique,2006,51.961
Mozambique,2007,52.5664
Mozambique,2008,53.1639
Mozambique,2009,53.7876
Mozambique,2010,54.1984
Mozambique,2011,54.869
Mozambique,2012,55.6387
Mozambique,2013,56.4919
Mozambique,2014,57.2742
Mozambique,2015,58.1509
Myanmar,2000,60.1546
Myanmar,2001,60.4159
Myanmar,2002,60.7248
Myanmar,2003,60.9803
Myanmar,2004,61.2496
Myanmar,2005,61.5985
Myanmar,2006,61.8931
Myanmar,2007,62.3709
Myanmar,2008,56.5056
Myanmar,2009,63.1547
Myanmar,2010,63.3294
Myanmar,2011,63.9007
Myanmar,2012,64.1412
Myanmar,2013,64.8148
Myanmar,2014,65.0563
Myanmar,2015,65.5613
Namibia,2000,51.9903
Namibia,2001,51.2604
Namibia,2002,51.2539
Namibia,2003,51.0832
Namibia,2004,51.2464
Namibia,2005,51.7866
Namibia,2006,52.6551
Namibia,2007,53.6799
Namibia,2008,54.6529
Namibia,2009,55.4959
Namibia,2010,56.0153
Namibia,2011,56.553
Namibia,2012,57.64
Namibia,2013,58.6938
Namibia,2014,59.8217
Namibia,2015,60.7002
Nauru,2000,58.7323
Nauru,2001,58.2777
Nauru,2002,58.1807
Nauru,2003,58.0951
Nauru,2004,58.072
Nauru,2005,58.1613
Nauru,2006,58.3785
Nauru,2007,58.5303
Nauru,2008,58.833
Nauru,2009,59.1233
Nauru,2010,59.6402
Nauru,2011,60.2398
Nauru,2012,60.7152
Nauru,2013,61.2314
Nauru,2014,61.8074
Nauru,2015,62.269
Nepal,2000,62.6145
Nepal,2001,63.3362
Nepal,2002,63.2638
Nepal,2003,64.1966
Nepal,2004,64.8177
Nepal,2005,65.4566
Nepal,2006,65.8685
Nepal,2007,66.3288
Nepal,2008,66.4207
Nepal,2009,66.7609
Nepal,2010,66.8138
Nepal,2011,67.313
Nepal,2012,67.47
Nepal,2013,67.9651
Nepal,2014,68.0855
Nepal,2015,67.4562
Netherlands,2000,78.1222
Netherlands,2001,78.3304
Netherlands,2002,78.4046
Netherlands,2003,78.6571
Netherlands,2004,79.2308
Netherlands,2005,79.4797
Netherlands,2006,79.8376
Netherlands,2007,80.2452
Netherlands,2008,80.3766
Netherlands,2009,80.66
Netherlands,2010,80.8186
Netherlands,2011,81.0999
Netherlands,2012,81.0495
Netherlands,2013,81.2919
Netherlands,2014,81.6425
Netherlands,2015,81.4821
New Caledonia,2000,74.599
New Caledonia,2001,75.2159
New Caledonia,2002,75.6191
New Caledonia,2003,76.143
New Caledonia,2004,76.4501
New Caledonia,2005,76.7303
New Caledonia,2006,76.9866
New Caledonia,2007,77.2957
New Caledonia,2008,77.5789
New Caledonia,2009,77.8581
New Caledonia,2010,78.2054
New Caledonia,2011,78.6914
New Caledonia,2012,79.173
New Caledonia,2013,79.632
New Caledonia,2014,79.164
New Caledonia,2015,78.5586
New Zealand,2000,78.6782
New Zealand,2001,78.6736
New Zealand,2002,78.8773
New Zealand,2003,79.1548
New Zealand,2004,79.3715
New Zealand,2005,80.0572
New Zealand,2006,80.0489
New Zealand,2007,80.1631
New Zealand,2008,80.2908
New Zealand,2009,80.5938
New Zealand,2010,81.1019
New Zealand,2011,80.8863
New Zealand,2012,81.2089
New Zealand,2013,81.6518
New Zealand,2014,81.7921
New Zealand,2015,81.9765
Nicaragua,2000,67.2335
Nicaragua,2001,67.2145
Nicaragua,2002,67.1799
Nicaragua,2003,67.2174
Nicaragua,2004,67.4233
Nicaragua,2005,67.9359
Nicaragua,2006,68.7246
Nicaragua,2007,69.5595
Nicaragua,2008,70.5863
Nicaragua,2009,71.4328
Nicaragua,2010,72.009
Nicaragua,2011,72.4162
Nicaragua,2012,72.6148
Nicaragua,2013,72.7044
Nicaragua,2014,72.8121
Nicaragua,2015,72.983
Niger,2000,49.3216
Niger,2001,49.8407
Niger,2002,50.5616
Niger,2003,51.4344
Niger,2004,52.5891
Niger,2005,53.59
Niger,2006,54.5965
Niger,2007,55.5533
Niger,2008,56.508
Niger,2009,57.3961
Niger,2010,58.3668
Niger,2011,58.9941
Niger,2012,59.6498
Niger,2013,60.239
Niger,2014,60.786
Niger,2015,61.0827
Nigeria,2000,47.1928
Nigeria,2001,47.6187
Nigeria,2002,47.9285
Nigeria,2003,48.4405
Nigeria,2004,48.7672
Nigeria,2005,49.297
Nigeria,2006,49.7305
Nigeria,2007,50.033
Nigeria,2008,50.2251
Nigeria,2009,50.7124
Nigeria,2010,50.9448
Nigeria,2011,51.3573
Nigeria,2012,51.4973
Nigeria,2013,51.7068
Nigeria,2014,51.7911
Nigeria,2015,51.8413
Niue,2000,67.4341
Niue,2001,67.4483
Niue,2002,67.4531
Niue,2003,67.497
Niue,2004,65.9525
Niue,2005,67.2511
Niue,2006,67.2336
Niue,2007,67.3906
Niue,2008,67.6242
Niue,2009,67.9359
Niue,2010,68.4125
Niue,2011,68.9003
Niue,2012,69.2643
Niue,2013,69.5907
Niue,2014,69.8791
Niue,2015,70.134
No income group available,2000,72.3684
No income group available,2001,71.1174
No income group available,2002,72.5587
No income group available,2003,71.8544
No income group available,2004,72.4239
No income group available,2005,72.6918
No income group available,2006,72.6568
No income group available,2007,72.9732
No income group available,2008,72.3674
No income group available,2009,72.5136
No income group available,2010,72.8242
No income group available,2011,72.8537
No income group available,2012,72.9778
No income group available,2013,73.1407
No income group available,2014,72.8098
No income group available,2015,72.965
North Korea,2000,60.7631
North Korea,2001,60.7449
North Korea,2002,60.7917
North Korea,2003,69.5458
North Korea,2004,69.4367
North Korea,2005,69.2853
North Korea,2006,69.0855
North Korea,2007,68.9109
North Korea,2008,68.9578
North Korea,2009,69.7317
North Korea,2010,70.4187
North Korea,2011,70.9778
North Korea,2012,71.6261
North Korea,2013,72.3189
North Korea,2014,72.9423
North Korea,2015,72.7844
North Macedonia,2000,72.8567
North Macedonia,2001,73.233
North Macedonia,2002,73.1458
North Macedonia,2003,73.3865
North Macedonia,2004,73.7816
North Macedonia,2005,73.7446
North Macedonia,2006,73.9988
North Macedonia,2007,73.9042
North Macedonia,2008,74.5326
North Macedonia,2009,74.7186
North Macedonia,2010,75.1187
North Macedonia,2011,75.1869
North Macedonia,2012,75.1399
North Macedonia,2013,75.8657
North Macedonia,2014,75.9347
North Macedonia,2015,75.9814
Northern America,2000,77.0402
Northern America,2001,77.1684
Northern America,2002,77.2454
Northern America,2003,77.4009
Northern America,2004,77.7964
Northern America,2005,77.8049
Northern America,2006,78.0985
Northern America,2007,78.3381
Northern America,2008,78.443
Northern America,2009,78.81
Northern America,2010,79.0256
Northern America,2011,79.0867
Northern America,2012,79.2181
Northern America,2013,79.2331
Northern America,2014,79.2992
Northern America,2015,79.172
Northern Mariana Islands,2000,74.8617
Northern Mariana Islands,2001,75.5241
Northern Mariana Islands,2002,76.0546
Northern Mariana Islands,2003,76.4088
Northern Mariana Islands,2004,76.5131
Northern Mariana Islands,2005,76.9796
Northern Mariana Islands,2006,77.2124
Northern Mariana Islands,2007,77.3934
Northern Mariana Islands,2008,77.5061
Northern Mariana Islands,2009,77.5194
Northern Mariana Islands,2010,77.4287
Northern Mariana Islands,2011,77.2852
Northern Mariana Islands,2012,77.0893
Northern Mariana Islands,2013,76.9828
Northern Mariana Islands,2014,76.8918
Northern Mariana Islands,2015,76.8143
Norway,2000,78.6919
Norway,2001,78.8959
Norway,2002,78.9605
Norway,2003,79.5294
Norway,2004,79.9648
Norway,2005,80.1699
Norway,2006,80.4411
Norway,2007,80.5033
Norway,2008,80.678
Norway,2009,80.8669
Norway,2010,81.0401
Norway,2011,81.243
Norway,2012,81.4437
Norway,2013,81.6666
Norway,2014,82.0859
Norway,2015,82.2718
Oceania,2000,75.3603
Oceania,2001,75.5628
Oceania,2002,75.5341
Oceania,2003,75.8341
Oceania,2004,76.0241
Oceania,2005,76.3515
Oceania,2006,76.4643
Oceania,2007,76.4922
Oceania,2008,76.7775
Oceania,2009,77.042
Oceania,2010,77.361
Oceania,2011,77.4843
Oceania,2012,77.6902
Oceania,2013,77.9574
Oceania,2014,77.9842
Oceania,2015,78.1624
Oman,2000,73.4658
Oman,2001,73.8075
Oman,2002,73.8687
Oman,2003,74.14
Oman,2004,74.3285
Oman,2005,74.3962
Oman,2006,74.4802
Oman,2007,74.461
Oman,2008,74.6115
Oman,2009,74.6814
Oman,2010,76.2695
Oman,2011,76.6075
Oman,2012,77.0607
Oman,2013,77.2465
Oman,2014,77.4462
Oman,2015,77.6869
Pakistan,2000,62.1018
Pakistan,2001,62.4214
Pakistan,2002,62.6264
Pakistan,2003,62.843
Pakistan,2004,63.0522
Pakistan,2005,62.4657
Pakistan,2006,63.7312
Pakistan,2007,63.8517
Pakistan,2008,64.036
Pakistan,2009,64.14
Pakistan,2010,64.4361
Pakistan,2011,64.6482
Pakistan,2012,64.7823
Pakistan,2013,65.1495
Pakistan,2014,65.2842
Pakistan,2015,65.6971
Palau,2000,65.8914
Palau,2001,66.5528
Palau,2002,66.9603
Palau,2003,67.2275
Palau,2004,67.1912
Palau,2005,66.9917
Palau,2006,66.7302
Palau,2007,66.4874
Palau,2008,66.207
Palau,2009,65.9182
Palau,2010,65.5975
Palau,2011,65.1546
Palau,2012,64.7077
Palau,2013,64.227
Palau,2014,63.8575
Palau,2015,63.7461
Palestine,2000,70.3885
Palestine,2001,69.8871
Palestine,2002,70.9694
Palestine,2003,71.0533
Palestine,2004,71.1823
Palestine,2005,72.0673
Palestine,2006,71.915
Palestine,2007,72.1525
Palestine,2008,72.4131
Palestine,2009,72.6076
Palestine,2010,73.0045
Palestine,2011,73.2429
Palestine,2012,73.4665
Palestine,2013,74.0292
Palestine,2014,72.6221
Palestine,2015,74.4057
Panama,2000,74.0015
Panama,2001,74.4144
Panama,2002,74.8238
Panama,2003,75.2175
Panama,2004,75.5444
Panama,2005,75.8285
Panama,2006,76.0123
Panama,2007,76.154
Panama,2008,76.2247
Panama,2009,76.3429
Panama,2010,76.4479
Panama,2011,76.6269
Panama,2012,76.8185
Panama,2013,77.0378
Panama,2014,77.2478
Panama,2015,77.4684
Papua New Guinea,2000,61.7199
Papua New Guinea,2001,61.7728
Papua New Guinea,2002,61.6978
Papua New Guinea,2003,61.7973
Papua New Guinea,2004,61.7611
Papua New Guinea,2005,61.8008
Papua New Guinea,2006,61.9172
Papua New Guinea,2007,62.0338
Papua New Guinea,2008,62.5708
Papua New Guinea,2009,62.7882
Papua New Guinea,2010,63.0395
Papua New Guinea,2011,63.5259
Papua New Guinea,2012,63.7325
Papua New Guinea,2013,63.9611
Papua New Guinea,2014,64.2589
Papua New Guinea,2015,64.7006
Paraguay,2000,69.7502
Paraguay,2001,69.8997
Paraguay,2002,70.025
Paraguay,2003,70.297
Paraguay,2004,70.4809
Paraguay,2005,70.5269
Paraguay,2006,70.7809
Paraguay,2007,71.1061
Paraguay,2008,71.3838
Paraguay,2009,71.6345
Paraguay,2010,71.8872
Paraguay,2011,72.1314
Paraguay,2012,72.4536
Paraguay,2013,72.7568
Paraguay,2014,72.8777
Paraguay,2015,73.1905
Peru,2000,70.424
Peru,2001,71.0409
Peru,2002,71.6608
Peru,2003,72.2166
Peru,2004,72.668
Peru,2005,72.9858
Peru,2006,73.1721
Peru,2007,73.2227
Peru,2008,73.3772
Peru,2009,73.4661
Peru,2010,73.7106
Peru,2011,74.1327
Peru,2012,74.544
Peru,2013,74.9668
Peru,2014,75.3334
Peru,2015,75.6206
Philippines,2000,69.4134
Philippines,2001,69.6136
Philippines,2002,69.781
Philippines,2003,69.9242
Philippines,2004,70.0367
Philippines,2005,70.2402
Philippines,2006,70.2817
Philippines,2007,70.4832
Philippines,2008,70.5638
Philippines,2009,70.6334
Philippines,2010,70.7542
Philippines,2011,70.7881
Philippines,2012,70.8813
Philippines,2013,70.8349
Philippines,2014,71.151
Philippines,2015,71.2684
Poland,2000,73.7335
Poland,2001,74.2193
Poland,2002,74.5826
Poland,2003,74.7384
Poland,2004,74.972
Poland,2005,75.0936
Poland,2006,75.2835
Poland,2007,75.3386
Poland,2008,75.5842
Poland,2009,75.7811
Poland,2010,76.3175
Poland,2011,76.6506
Poland,2012,76.7138
Poland,2013,76.9705
Poland,2014,77.5691
Poland,2015,77.4151
Portugal,2000,76.8304
Portugal,2001,77.1508
Portugal,2002,77.3676
Portugal,2003,77.5784
Portugal,2004,78.4199
Portugal,2005,78.3053
Portugal,2006,79.0713
Portugal,2007,79.281
Portugal,2008,79.5613
Portugal,2009,79.7706
Portugal,2010,80.035
Portugal,2011,80.4971
Portugal,2012,80.4784
Portugal,2013,80.8172
Portugal,2014,81.2157
Portugal,2015,81.2093
Puerto Rico,2000,75.9771
Puerto Rico,2001,76.4557
Puerto Rico,2002,76.7276
Puerto Rico,2003,76.8741
Puerto Rico,2004,77.1431
Puerto Rico,2005,77.2366
Puerto Rico,2006,77.4153
Puerto Rico,2007,77.6208
Puerto Rico,2008,77.8407
Puerto Rico,2009,77.8767
Puerto Rico,2010,78.01
Puerto Rico,2011,78.3164
Puerto Rico,2012,78.4612
Puerto Rico,2013,78.777
Puerto Rico,2014,78.9289
Puerto Rico,2015,79.695
Qatar,2000,74.8279
Qatar,2001,75.2634
Qatar,2002,75.4118
Qatar,2003,75.565
Qatar,2004,75.9606
Qatar,2005,76.0637
Qatar,2006,76.5703
Qatar,2007,77.0155
Qatar,2008,77.4272
Qatar,2009,77.8776
Qatar,2010,78.4251
Qatar,2011,78.8911
Qatar,2012,79.2265
Qatar,2013,79.5364
Qatar,2014,79.7677
Qatar,2015,80.0639
Reunion,2000,75.7742
Reunion,2001,76.1079
Reunion,2002,76.3795
Reunion,2003,76.9231
Reunion,2004,77.0754
Reunion,2005,77.3295
Reunion,2006,77.5806
Reunion,2007,78.3154
Reunion,2008,78.9197
Reunion,2009,79.2495
Reunion,2010,79.8905
Reunion,2011,80.348
Reunion,2012,80.7326
Reunion,2013,80.8512
Reunion,2014,81.0243
Reunion,2015,81.2285
Romania,2000,71.2823
Romania,2001,71.2944
Romania,2002,70.7048
Romania,2003,69.8004
Romania,2004,69.5031
Romania,2005,70.6095
Romania,2006,71.4718
Romania,2007,72.5458
Romania,2008,73.6078
Romania,2009,74.029
Romania,2010,73.9959
Romania,2011,74.4314
Romania,2012,74.3908
Romania,2013,74.9756
Romania,2014,74.9279
Romania,2015,74.7901
Russia,2000,65.2711
Russia,2001,65.4166
Russia,2002,65.1401
Russia,2003,65.264
Russia,2004,65.904
Russia,2005,66.0746
Russia,2006,67.2791
Russia,2007,68.1535
Russia,2008,68.4943
Russia,2009,69.2116
Russia,2010,69.386
Russia,2011,70.3981
Russia,2012,70.7695
Russia,2013,71.3025
Russia,2014,71.5664
Russia,2015,72.1006
Rwanda,2000,47.1292
Rwanda,2001,49.0206
Rwanda,2002,51.0322
Rwanda,2003,53.3678
Rwanda,2004,55.4912
Rwanda,2005,57.316
Rwanda,2006,58.7137
Rwanda,2007,59.9653
Rwanda,2008,61.1342
Rwanda,2009,61.9578
Rwanda,2010,62.5397
Rwanda,2011,63.2615
Rwanda,2012,64.0094
Rwanda,2013,64.4257
Rwanda,2014,64.9401
Rwanda,2015,65.2977
Saint Barthelemy,2000,76.8507
Saint Barthelemy,2001,77.0313
Saint Barthelemy,2002,77.2092
Saint Barthelemy,2003,77.3791
Saint Barthelemy,2004,77.5506
Saint Barthelemy,2005,77.7146
Saint Barthelemy,2006,77.876
Saint Barthelemy,2007,78.0296
Saint Barthelemy,2008,78.194
Saint Barthelemy,2009,78.3585
Saint Barthelemy,2010,78.5143
Saint Barthelemy,2011,78.6827
Saint Barthelemy,2012,80.0055
Saint Barthelemy,2013,79.105
Saint Barthelemy,2014,79.3155
Saint Barthelemy,2015,79.4823
Saint Helena,2000,75.7552
Saint Helena,2001,76.0256
Saint Helena,2002,75.7817
Saint Helena,2003,76.3695
Saint Helena,2004,77.1089
Saint Helena,2005,77.1532
Saint Helena,2006,76.832
Saint Helena,2007,75.7147
Saint Helena,2008,75.7706
Saint Helena,2009,76.1304
Saint Helena,2010,76.5035
Saint Helena,2011,76.5656
Saint Helena,2012,76.2257
Saint Helena,2013,76.2367
Saint Helena,2014,75.5595
Saint Helena,2015,75.1757
Saint Kitts and Nevis,2000,69.7815
Saint Kitts and Nevis,2001,70.1995
Saint Kitts and Nevis,2002,70.4518
Saint Kitts and Nevis,2003,70.7676
Saint Kitts and Nevis,2004,71.303
Saint Kitts and Nevis,2005,71.3616
Saint Kitts and Nevis,2006,71.2885
Saint Kitts and Nevis,2007,71.3668
Saint Kitts and Nevis,2008,71.3738
Saint Kitts and Nevis,2009,71.3927
Saint Kitts and Nevis,2010,71.2705
Saint Kitts and Nevis,2011,71.5378
Saint Kitts and Nevis,2012,71.669
Saint Kitts and Nevis,2013,71.457
Saint Kitts and Nevis,2014,70.9659
Saint Kitts and Nevis,2015,70.763
Saint Lucia,2000,70.7678
Saint Lucia,2001,71.1345
Saint Lucia,2002,71.472
Saint Lucia,2003,71.7707
Saint Lucia,2004,72.0276
Saint Lucia,2005,72.2445
Saint Lucia,2006,72.4654
Saint Lucia,2007,72.5985
Saint Lucia,2008,72.6977
Saint Lucia,2009,72.7222
Saint Lucia,2010,72.7196
Saint Lucia,2011,72.944
Saint Lucia,2012,72.8821
Saint Lucia,2013,72.7353
Saint Lucia,2014,72.8638
Saint Lucia,2015,73.1381
Saint Martin (French part),2000,76.6628
Saint Martin (French part),2001,76.8471
Saint Martin (French part),2002,77.0308
Saint Martin (French part),2003,77.2055
Saint Martin (French part),2004,77.384
Saint Martin (French part),2005,77.5553
Saint Martin (French part),2006,77.7263
Saint Martin (French part),2007,77.8923
Saint Martin (French part),2008,78.0682
Saint Martin (French part),2009,78.236
Saint Martin (French part),2010,78.4058
Saint Martin (French part),2011,78.827
Saint Martin (French part),2012,79.0218
Saint Martin (French part),2013,78.9083
Saint Martin (French part),2014,79.9664
Saint Martin (French part),2015,79.3093
Saint Pierre and Miquelon,2000,74.8996
Saint Pierre and Miquelon,2001,74.9592
Saint Pierre and Miquelon,2002,74.9965
Saint Pierre and Miquelon,2003,75.0747
Saint Pierre and Miquelon,2004,75.1592
Saint Pierre and Miquelon,2005,76.7323
Saint Pierre and Miquelon,2006,75.689
Saint Pierre and Miquelon,2007,76.1911
Saint Pierre and Miquelon,2008,78.0937
Saint Pierre and Miquelon,2009,76.7002
Saint Pierre and Miquelon,2010,76.7609
Saint Pierre and Miquelon,2011,76.7971
Saint Pierre and Miquelon,2012,76.8379
Saint Pierre and Miquelon,2013,76.8728
Saint Pierre and Miquelon,2014,76.8607
Saint Pierre and Miquelon,2015,76.8499
Saint Vincent and the Grenadines,2000,71.3772
Saint Vincent and the Grenadines,2001,71.9378
Saint Vincent and the Grenadines,2002,72.1682
Saint Vincent and the Grenadines,2003,72.3523
Saint Vincent and the Grenadines,2004,73.035
Saint Vincent and the Grenadines,2005,73.5161
Saint Vincent and the Grenadines,2006,74.0166
Saint Vincent and the Grenadines,2007,74.7028
Saint Vincent and the Grenadines,2008,75.0526
Saint Vincent and the Grenadines,2009,75.0826
Saint Vincent and the Grenadines,2010,74.7184
Saint Vincent and the Grenadines,2011,74.5958
Saint Vincent and the Grenadines,2012,74.1463
Saint Vincent and the Grenadines,2013,73.7976
Saint Vincent and the Grenadines,2014,74.473
Saint Vincent and the Grenadines,2015,74.4071
Samoa,2000,70.7458
Samoa,2001,71.0186
Samoa,2002,71.2761
Samoa,2003,71.4959
Samoa,2004,71.6959
Samoa,2005,71.7545
Samoa,2006,72.021
Samoa,2007,72.0997
Samoa,2008,72.1546
Samoa,2009,70.0663
Samoa,2010,72.2488
Samoa,2011,72.2598
Samoa,2012,72.1668
Samoa,2013,72.3915
Samoa,2014,72.4628
Samoa,2015,72.5146
San Marino,2000,79.9486
San Marino,2001,80.4193
San Marino,2002,80.7656
San Marino,2003,80.7311
San Marino,2004,80.7028
San Marino,2005,81.2182
San Marino,2006,81.5574
San Marino,2007,81.853
San Marino,2008,82.2058
San Marino,2009,82.4928
San Marino,2010,82.6838
San Marino,2011,82.7619
San Marino,2012,82.575
San Marino,2013,82.3913
San Marino,2014,82.8949
San Marino,2015,82.927
Sao Tome and Principe,2000,61.6554
Sao Tome and Principe,2001,62.0316
Sao Tome and Principe,2002,62.6003
Sao Tome and Principe,2003,63.166
Sao Tome and Principe,2004,63.7311
Sao Tome and Principe,2005,63.7089
Sao Tome and Principe,2006,64.3982
Sao Tome and Principe,2007,64.7239
Sao Tome and Principe,2008,65.0786
Sao Tome and Principe,2009,65.1157
Sao Tome and Principe,2010,65.2486
Sao Tome and Principe,2011,64.9017
Sao Tome and Principe,2012,65.7457
Sao Tome and Principe,2013,66.3275
Sao Tome and Principe,2014,66.8452
Sao Tome and Principe,2015,67.2491
Saudi Arabia,2000,72.4667
Saudi Arabia,2001,72.9744
Saudi Arabia,2002,73.3366
Saudi Arabia,2003,73.6284
Saudi Arabia,2004,74.1526
Saudi Arabia,2005,74.5883
Saudi Arabia,2006,74.8096
Saudi Arabia,2007,75.0458
Saudi Arabia,2008,75.2744
Saudi Arabia,2009,75.4313
Saudi Arabia,2010,75.7629
Saudi Arabia,2011,76.234
Saudi Arabia,2012,76.4611
Saudi Arabia,2013,76.6257
Saudi Arabia,2014,76.7573
Saudi Arabia,2015,76.9185
Senegal,2000,56.9434
Senegal,2001,57.5639
Senegal,2002,58.231
Senegal,2003,59.1219
Senegal,2004,60.0266
Senegal,2005,60.9152
Senegal,2006,61.7502
Senegal,2007,62.5429
Senegal,2008,63.2421
Senegal,2009,63.9231
Senegal,2010,64.6154
Senegal,2011,65.262
Senegal,2012,65.4567
Senegal,2013,66.0719
Senegal,2014,66.4519
Senegal,2015,66.8794
Serbia,2000,71.4392
Serbia,2001,72.3072
Serbia,2002,72.2585
Serbia,2003,72.4425
Serbia,2004,72.6165
Serbia,2005,72.7092
Serbia,2006,73.3551
Serbia,2007,73.6228
Serbia,2008,73.9388
Serbia,2009,74.0376
Serbia,2010,74.3753
Serbia,2011,74.7717
Serbia,2012,75.1062
Serbia,2013,75.605
Serbia,2014,75.7234
Serbia,2015,75.8172
Seychelles,2000,69.7218
Seychelles,2001,69.9853
Seychelles,2002,70.3955
Seychelles,2003,70.9818
Seychelles,2004,71.1618
Seychelles,2005,71.5618
Seychelles,2006,71.8336
Seychelles,2007,72.1124
Seychelles,2008,72.3969
Seychelles,2009,72.6881
Seychelles,2010,72.9703
Seychelles,2011,73.7537
Seychelles,2012,73.6428
Seychelles,2013,73.7807
Seychelles,2014,73.7495
Seychelles,2015,73.6979
Sierra Leone,2000,45.0503
Sierra Leone,2001,45.6607
Sierra Leone,2002,46.3586
Sierra Leone,2003,46.9628
Sierra Leone,2004,47.5771
Sierra Leone,2005,48.2373
Sierra Leone,2006,49.323
Sierra Leone,2007,50.3654
Sierra Leone,2008,51.5259
Sierra Leone,2009,52.6256
Sierra Leone,2010,53.6932
Sierra Leone,2011,54.6198
Sierra Leone,2012,55.451
Sierra Leone,2013,56.3132
Sierra Leone,2014,56.3933
Sierra Leone,2015,57.189
Singapore,2000,79.0691
Singapore,2001,79.1863
Singapore,2002,79.3025
Singapore,2003,79.3985
Singapore,2004,79.7654
Singapore,2005,80.3541
Singapore,2006,80.71
Singapore,2007,80.9576
Singapore,2008,81.1698
Singapore,2009,81.4555
Singapore,2010,81.691
Singapore,2011,81.9745
Singapore,2012,82.2434
Singapore,2013,82.5157
Singapore,2014,82.6524
Singapore,2015,82.8265
Sint Maarten (Dutch part),2000,74.5139
Sint Maarten (Dutch part),2001,74.522
Sint Maarten (Dutch part),2002,74.8581
Sint Maarten (Dutch part),2003,74.1478
Sint Maarten (Dutch part),2004,74.2399
Sint Maarten (Dutch part),2005,75.5424
Sint Maarten (Dutch part),2006,75.9257
Sint Maarten (Dutch part),2007,75.4166
Sint Maarten (Dutch part),2008,75.7418
Sint Maarten (Dutch part),2009,75.4414
Sint Maarten (Dutch part),2010,75.132
Sint Maarten (Dutch part),2011,74.6838
Sint Maarten (Dutch part),2012,74.6078
Sint Maarten (Dutch part),2013,74.917
Sint Maarten (Dutch part),2014,76.7731
Sint Maarten (Dutch part),2015,76.9538
Slovakia,2000,73.1407
Slovakia,2001,73.5726
Slovakia,2002,73.7669
Slovakia,2003,73.82
Slovakia,2004,74.2186
Slovakia,2005,74.1572
Slovakia,2006,74.4167
Slovakia,2007,74.4951
Slovakia,2008,74.8642
Slovakia,2009,75.217
Slovakia,2010,75.495
Slovakia,2011,76.0166
Slovakia,2012,76.1746
Slovakia,2013,76.5121
Slovakia,2014,76.847
Slovakia,2015,76.6493
Slovenia,2000,76.1957
Slovenia,2001,76.5433
Slovenia,2002,76.7904
Slovenia,2003,76.6721
Slovenia,2004,77.4848
Slovenia,2005,77.7151
Slovenia,2006,78.4191
Slovenia,2007,78.5936
Slovenia,2008,79.1346
Slovenia,2009,79.2704
Slovenia,2010,79.7039
Slovenia,2011,79.9905
Slovenia,2012,80.1284
Slovenia,2013,80.336
Slovenia,2014,80.9406
Slovenia,2015,80.8218
Small Island Developing States (SIDS),2000,68.4526
Small Island Developing States (SIDS),2001,68.6337
Small Island Developing States (SIDS),2002,68.8566
Small Island Developing States (SIDS),2003,69.0807
Small Island Developing States (SIDS),2004,69.0064
Small Island Developing States (SIDS),2005,69.5725
Small Island Developing States (SIDS),2006,69.816
Small Island Developing States (SIDS),2007,70.0658
Small Island Developing States (SIDS),2008,70.3484
Small Island Developing States (SIDS),2009,70.6697
Small Island Developing States (SIDS),2010,67.1929
Small Island Developing States (SIDS),2011,71.0957
Small Island Developing States (SIDS),2012,71.3962
Small Island Developing States (SIDS),2013,71.595
Small Island Developing States (SIDS),2014,71.7563
Small Island Developing States (SIDS),2015,71.9234
Solomon Islands,2000,67.2249
Solomon Islands,2001,67.3635
Solomon Islands,2002,67.5148
Solomon Islands,2003,67.6443
Solomon Islands,2004,67.8009
Solomon Islands,2005,67.9363
Solomon Islands,2006,68.0899
Solomon Islands,2007,67.9856
Solomon Islands,2008,68.4039
Solomon Islands,2009,68.4656
Solomon Islands,2010,68.7318
Solomon Islands,2011,68.908
Solomon Islands,2012,69.0839
Solomon Islands,2013,69.188
Solomon Islands,2014,69.2337
Solomon Islands,2015,69.5834
Somalia,2000,50.6604
Somalia,2001,50.7403
Somalia,2002,50.7309
Somalia,2003,50.6139
Somalia,2004,50.5377
Somalia,2005,50.6606
Somalia,2006,50.5974
Somalia,2007,50.5147
Somalia,2008,51.1198
Somalia,2009,51.8533
Somalia,2010,50.563
Somalia,2011,51.3045
Somalia,2012,53.1611
Somalia,2013,53.8433
Somalia,2014,54.2773
Somalia,2015,54.857
South Africa,2000,58.4704
South Africa,2001,57.2614
South Africa,2002,55.6662
South Africa,2003,54.3308
South Africa,2004,54.043
South Africa,2005,53.9797
South Africa,2006,54.2775
South Africa,2007,54.9922
South Africa,2008,56.0222
South Africa,2009,57.4474
South Africa,2010,58.8987
South Africa,2011,60.6507
South Africa,2012,61.8457
South Africa,2013,62.5331
South Africa,2014,63.3796
South Africa,2015,63.9499
South Korea,2000,76.4661
South Korea,2001,77.2697
South Korea,2002,77.5435
South Korea,2003,77.5473
South Korea,2004,78.006
South Korea,2005,78.5192
South Korea,2006,79.0754
South Korea,2007,79.48
South Korea,2008,80.0441
South Korea,2009,80.5759
South Korea,2010,80.763
South Korea,2011,81.2098
South Korea,2012,81.3473
South Korea,2013,81.8637
South Korea,2014,82.3781
South Korea,2015,82.5605
South Sudan,2000,46.0277
South Sudan,2001,46.8807
South Sudan,2002,47.4915
South Sudan,2003,50.2529
South Sudan,2004,50.9167
South Sudan,2005,51.5455
South Sudan,2006,52.0162
South Sudan,2007,52.8565
South Sudan,2008,53.5375
South Sudan,2009,53.8912
South Sudan,2010,54.8118
South Sudan,2011,54.9396
South Sudan,2012,55.8651
South Sudan,2013,55.7509
South Sudan,2014,54.9727
South Sudan,2015,55.5665
Spain,2000,79.4172
Spain,2001,79.7444
Spain,2002,79.8238
Spain,2003,79.7548
Spain,2004,80.3362
Spain,2005,80.3283
Spain,2006,80.9725
Spain,2007,80.9803
Spain,2008,81.2902
Spain,2009,81.6408
Spain,2010,82.0214
Spain,2011,82.1974
Spain,2012,82.2112
Spain,2013,82.7199
Spain,2014,82.858
Spain,2015,82.6464
Sri Lanka,2000,70.355
Sri Lanka,2001,70.7866
Sri Lanka,2002,71.1165
Sri Lanka,2003,71.3726
Sri Lanka,2004,67.0914
Sri Lanka,2005,72.1182
Sri Lanka,2006,71.9693
Sri Lanka,2007,72.0488
Sri Lanka,2008,71.7288
Sri Lanka,2009,69.1873
Sri Lanka,2010,73.215
Sri Lanka,2011,73.38
Sri Lanka,2012,73.9058
Sri Lanka,2013,74.2388
Sri Lanka,2014,74.6508
Sri Lanka,2015,74.9275
Sudan,2000,58.3185
Sudan,2001,58.5615
Sudan,2002,58.9763
Sudan,2003,58.1999
Sudan,2004,56.7726
Sudan,2005,57.2786
Sudan,2006,60.2806
Sudan,2007,61.2564
Sudan,2008,61.2055
Sudan,2009,62.6439
Sudan,2010,63.0161
Sudan,2011,63.2463
Sudan,2012,63.7922
Sudan,2013,63.6779
Sudan,2014,64.2691
Sudan,2015,64.6587
Suriname,2000,65.5077
Suriname,2001,65.4821
Suriname,2002,65.5313
Suriname,2003,65.5963
Suriname,2004,66.4163
Suriname,2005,67.0025
Suriname,2006,67.5713
Suriname,2007,68.204
Suriname,2008,68.8162
Suriname,2009,69.5048
Suriname,2010,69.8945
Suriname,2011,69.9141
Suriname,2012,69.7644
Suriname,2013,69.6816
Suriname,2014,69.7824
Suriname,2015,70.8003
Sweden,2000,79.7382
Sweden,2001,79.8359
Sweden,2002,79.9347
Sweden,2003,80.195
Sweden,2004,80.5462
Sweden,2005,80.621
Sweden,2006,80.8317
Sweden,2007,80.9697
Sweden,2008,81.1371
Sweden,2009,81.3631
Sweden,2010,81.5187
Sweden,2011,81.7581
Sweden,2012,81.7296
Sweden,2013,81.9348
Sweden,2014,82.2233
Sweden,2015,82.1834
Switzerland,2000,79.8335
Switzerland,2001,80.2507
Switzerland,2002,80.4431
Switzerland,2003,80.532
Switzerland,2004,81.0534
Switzerland,2005,81.2338
Switzerland,2006,81.5464
Switzerland,2007,81.6988
Switzerland,2008,81.9664
Switzerland,2009,81.985
Switzerland,2010,82.2831
Switzerland,2011,82.5707
Switzerland,2012,82.6158
Switzerland,2013,82.6903
Switzerland,2014,83.0849
Switzerland,2015,82.8468
Syria,2000,70.7639
Syria,2001,71.6439
Syria,2002,71.9394
Syria,2003,72.4137
Syria,2004,72.4747
Syria,2005,72.7685
Syria,2006,73.3495
Syria,2007,73.7088
Syria,2008,73.5508
Syria,2009,73.8527
Syria,2010,73.8808
Syria,2011,73.3053
Syria,2012,66.7687
Syria,2013,63.8265
Syria,2014,63.1529
Syria,2015,65.1239
Taiwan,2000,76.1998
Taiwan,2001,76.5258
Taiwan,2002,76.932
Taiwan,2003,77.1284
Taiwan,2004,77.2291
Taiwan,2005,77.2033
Taiwan,2006,77.9277
Taiwan,2007,78.1383
Taiwan,2008,78.3201
Taiwan,2009,78.8021
Taiwan,2010,79.171
Taiwan,2011,78.9813
Taiwan,2012,79.2614
Taiwan,2013,79.734
Taiwan,2014,79.5875
Taiwan,2015,79.9471
Tajikistan,2000,63.2596
Tajikistan,2001,64.0569
Tajikistan,2002,64.8464
Tajikistan,2003,65.5521
Tajikistan,2004,66.0284
Tajikistan,2005,66.5143
Tajikistan,2006,67.0127
Tajikistan,2007,67.2169
Tajikistan,2008,67.6884
Tajikistan,2009,68.0386
Tajikistan,2010,67.742
Tajikistan,2011,68.1485
Tajikistan,2012,68.4841
Tajikistan,2013,68.8848
Tajikistan,2014,69.0693
Tajikistan,2015,69.3059
Tanzania,2000,52.3623
Tanzania,2001,53.161
Tanzania,2002,53.8634
Tanzania,2003,54.8949
Tanzania,2004,55.5963
Tanzania,2005,56.2991
Tanzania,2006,56.9111
Tanzania,2007,57.52
Tanzania,2008,58.0861
Tanzania,2009,58.8937
Tanzania,2010,60.1048
Tanzania,2011,61.0492
Tanzania,2012,62.0303
Tanzania,2013,62.9603
Tanzania,2014,63.8733
Tanzania,2015,64.6507
Thailand,2000,72.3156
Thailand,2001,72.6127
Thailand,2002,72.9296
Thailand,2003,73.1546
Thailand,2004,73.0797
Thailand,2005,73.8202
Thailand,2006,74.9381
Thailand,2007,75.1872
Thailand,2008,75.4916
Thailand,2009,75.8416
Thailand,2010,76.1313
Thailand,2011,76.4212
Thailand,2012,76.7721
Thailand,2013,77.0827
Thailand,2014,77.4153
Thailand,2015,77.7166
Togo,2000,54.742
Togo,2001,54.8597
Togo,2002,55.3112
Togo,2003,55.6392
Togo,2004,55.5695
Togo,2005,55.9618
Togo,2006,56.2219
Togo,2007,56.5106
Togo,2008,56.6948
Togo,2009,57.0106
Togo,2010,57.3042
Togo,2011,57.9246
Togo,2012,58.073
Togo,2013,58.6841
Togo,2014,58.8534
Togo,2015,59.3958
Tokelau,2000,71.8916
Tokelau,2001,72.1266
Tokelau,2002,72.3358
Tokelau,2003,72.5569
Tokelau,2004,72.7664
Tokelau,2005,72.9796
Tokelau,2006,73.1701
Tokelau,2007,73.3753
Tokelau,2008,73.517
Tokelau,2009,73.6982
Tokelau,2010,73.8834
Tokelau,2011,74.0754
Tokelau,2012,74.2482
Tokelau,2013,74.4442
Tokelau,2014,74.6079
Tokelau,2015,74.7153
Tonga,2000,68.978
Tonga,2001,69.127
Tonga,2002,69.3348
Tonga,2003,69.4946
Tonga,2004,69.6704
Tonga,2005,69.7682
Tonga,2006,69.8939
Tonga,2007,70.0478
Tonga,2008,70.164
Tonga,2009,70.0121
Tonga,2010,70.3234
Tonga,2011,70.3809
Tonga,2012,70.442
Tonga,2013,70.505
Tonga,2014,70.5405
Tonga,2015,70.607
Trinidad and Tobago,2000,69.1022
Trinidad and Tobago,2001,69.6462
Trinidad and Tobago,2002,70.4878
Trinidad and Tobago,2003,69.729
Trinidad and Tobago,2004,71.0756
Trinidad and Tobago,2005,71.3077
Trinidad and Tobago,2006,71.256
Trinidad and Tobago,2007,71.6523
Trinidad and Tobago,2008,71.4697
Trinidad and Tobago,2009,73.126
Trinidad and Tobago,2010,72.7254
Trinidad and Tobago,2011,73.2779
Trinidad and Tobago,2012,73.7159
Trinidad and Tobago,2013,73.9623
Trinidad and Tobago,2014,74.2152
Trinidad and Tobago,2015,74.5032
Tunisia,2000,73.6901
Tunisia,2001,73.8156
Tunisia,2002,74.0595
Tunisia,2003,74.3054
Tunisia,2004,74.4902
Tunisia,2005,74.7642
Tunisia,2006,74.9215
Tunisia,2007,75.072
Tunisia,2008,75.1846
Tunisia,2009,75.2667
Tunisia,2010,75.4206
Tunisia,2011,75.4595
Tunisia,2012,75.5498
Tunisia,2013,75.6502
Tunisia,2014,75.6497
Tunisia,2015,75.6919
Turkey,2000,71.8613
Turkey,2001,72.2305
Turkey,2002,72.5785
Turkey,2003,72.8899
Turkey,2004,73.24
Turkey,2005,73.5341
Turkey,2006,73.8448
Turkey,2007,74.1927
Turkey,2008,74.4501
Turkey,2009,74.7653
Turkey,2010,75.0693
Turkey,2011,74.9406
Turkey,2012,75.678
Turkey,2013,76.2968
Turkey,2014,76.5648
Turkey,2015,76.646
Turkmenistan,2000,65.0258
Turkmenistan,2001,65.1555
Turkmenistan,2002,65.3846
Turkmenistan,2003,65.7459
Turkmenistan,2004,66.0747
Turkmenistan,2005,66.0683
Turkmenistan,2006,66.4989
Turkmenistan,2007,66.8948
Turkmenistan,2008,67.407
Turkmenistan,2009,67.9583
Turkmenistan,2010,68.2933
Turkmenistan,2011,68.567
Turkmenistan,2012,68.7225
Turkmenistan,2013,68.7401
Turkmenistan,2014,68.6135
Turkmenistan,2015,68.7816
Turks and Caicos Islands,2000,73.5746
Turks and Caicos Islands,2001,74.1308
Turks and Caicos Islands,2002,75.5401
Turks and Caicos Islands,2003,75.4106
Turks and Caicos Islands,2004,76.7858
Turks and Caicos Islands,2005,77.1476
Turks and Caicos Islands,2006,76.8311
Turks and Caicos Islands,2007,75.9137
Turks and Caicos Islands,2008,76.6325
Turks and Caicos Islands,2009,77.1637
Turks and Caicos Islands,2010,76.2432
Turks and Caicos Islands,2011,76.1946
Turks and Caicos Islands,2012,77.0365
Turks and Caicos Islands,2013,77.018
Turks and Caicos Islands,2014,77.1349
Turks and Caicos Islands,2015,76.9124
Tuvalu,2000,63.4988
Tuvalu,2001,63.5427
Tuvalu,2002,63.5803
Tuvalu,2003,63.6311
Tuvalu,2004,63.6933
Tuvalu,2005,63.8359
Tuvalu,2006,63.9278
Tuvalu,2007,63.9315
Tuvalu,2008,63.9483
Tuvalu,2009,63.9485
Tuvalu,2010,63.9781
Tuvalu,2011,63.9735
Tuvalu,2012,63.9636
Tuvalu,2013,64.0076
Tuvalu,2014,64.0252
Tuvalu,2015,64.0598
Uganda,2000,48.3415
Uganda,2001,49.0061
Uganda,2002,49.6476
Uganda,2003,50.3682
Uganda,2004,51.5469
Uganda,2005,52.9756
Uganda,2006,54.3688
Uganda,2007,55.2365
Uganda,2008,55.823
Uganda,2009,56.4881
Uganda,2010,57.0547
Uganda,2011,57.9651
Uganda,2012,58.8166
Uganda,2013,59.7628
Uganda,2014,60.4081
Uganda,2015,61.0856
Ukraine,2000,67.8555
Ukraine,2001,68.1814
Ukraine,2002,68.1732
Ukraine,2003,68.2087
Ukraine,2004,68.4016
Ukraine,2005,68.1506
Ukraine,2006,68.7406
Ukraine,2007,68.7657
Ukraine,2008,69.1168
Ukraine,2009,70.2472
Ukraine,2010,70.6207
Ukraine,2011,71.3872
Ukraine,2012,71.6273
Ukraine,2013,71.8617
Ukraine,2014,72.5905
Ukraine,2015,73.4581
United Arab Emirates,2000,74.38
United Arab Emirates,2001,74.6356
United Arab Emirates,2002,74.901
United Arab Emirates,2003,76.2223
United Arab Emirates,2004,76.4532
United Arab Emirates,2005,76.6825
United Arab Emirates,2006,76.9087
United Arab Emirates,2007,77.1289
United Arab Emirates,2008,77.4877
United Arab Emirates,2009,78.003
United Arab Emirates,2010,78.3335
United Arab Emirates,2011,78.5168
United Arab Emirates,2012,78.7155
United Arab Emirates,2013,78.8528
United Arab Emirates,2014,79.0442
United Arab Emirates,2015,79.2232
United Kingdom,2000,77.8525
United Kingdom,2001,78.1239
United Kingdom,2002,78.2411
United Kingdom,2003,78.334
United Kingdom,2004,78.9045
United Kingdom,2005,79.1116
United Kingdom,2006,79.355
United Kingdom,2007,79.5424
United Kingdom,2008,79.6652
United Kingdom,2009,80.1668
United Kingdom,2010,80.4008
United Kingdom,2011,80.8046
United Kingdom,2012,80.8659
United Kingdom,2013,80.9291
United Kingdom,2014,81.1602
United Kingdom,2015,80.9238
United States,2000,76.8114
United States,2001,76.9285
United States,2002,77.0005
United States,2003,77.1536
United States,2004,77.5581
United States,2005,77.5573
United States,2006,77.8386
United States,2007,78.1004
United States,2008,78.1958
United States,2009,78.564
United States,2010,78.7724
United States,2011,78.82
United States,2012,78.9441
United States,2013,78.9507
United States,2014,79.0175
United States,2015,78.8694
United States Virgin Islands,2000,72.679
United States Virgin Islands,2001,72.8723
United States Virgin Islands,2002,73.1114
United States Virgin Islands,2003,73.0939
United States Virgin Islands,2004,73.1005
United States Virgin Islands,2005,73.2924
United States Virgin Islands,2006,72.8075
United States Virgin Islands,2007,72.4698
United States Virgin Islands,2008,73.1479
United States Virgin Islands,2009,73.2627
United States Virgin Islands,2010,73.2794
United States Virgin Islands,2011,73.7284
United States Virgin Islands,2012,73.6986
United States Virgin Islands,2013,73.8347
United States Virgin Islands,2014,73.9456
United States Virgin Islands,2015,74.7323
Upper-middle-income countries,2000,70.4815
Upper-middle-income countries,2001,70.974
Upper-middle-income countries,2002,71.1787
Upper-middle-income countries,2003,71.43
Upper-middle-income countries,2004,71.7943
Upper-middle-income countries,2005,72.1125
Upper-middle-income countries,2006,72.5709
Upper-middle-income countries,2007,72.9095
Upper-middle-income countries,2008,73.1524
Upper-middle-income countries,2009,73.6355
Upper-middle-income countries,2010,73.9125
Upper-middle-income countries,2011,74.316
Upper-middle-income countries,2012,74.6621
Upper-middle-income countries,2013,74.9722
Upper-middle-income countries,2014,75.2509
Upper-middle-income countries,2015,75.4946
Uruguay,2000,75.0247
Uruguay,2001,75.2851
Uruguay,2002,75.5399
Uruguay,2003,75.7851
Uruguay,2004,76.0069
Uruguay,2005,76.1935
Uruguay,2006,76.3615
Uruguay,2007,76.4981
Uruguay,2008,76.623
Uruguay,2009,76.7384
Uruguay,2010,76.858
Uruguay,2011,76.9833
Uruguay,2012,77.111
Uruguay,2013,77.24
Uruguay,2014,77.3663
Uruguay,2015,77.4827
Uzbekistan,2000,65.7235
Uzbekistan,2001,66.087
Uzbekistan,2002,66.6037
Uzbekistan,2003,67.0397
Uzbekistan,2004,67.4012
Uzbekistan,2005,67.4901
Uzbekistan,2006,67.891
Uzbekistan,2007,68.2918
Uzbekistan,2008,68.7646
Uzbekistan,2009,68.8705
Uzbekistan,2010,69.2354
Uzbekistan,2011,69.6487
Uzbekistan,2012,69.8742
Uzbekistan,2013,69.9895
Uzbekistan,2014,70.2343
Uzbekistan,2015,70.4753
Vanuatu,2000,68.9657
Vanuatu,2001,69.0375
Vanuatu,2002,69.196
Vanuatu,2003,69.2761
Vanuatu,2004,69.3133
Vanuatu,2005,69.3898
Vanuatu,2006,69.462
Vanuatu,2007,69.5445
Vanuatu,2008,69.6019
Vanuatu,2009,69.6526
Vanuatu,2010,69.6171
Vanuatu,2011,69.5508
Vanuatu,2012,69.4972
Vanuatu,2013,69.5342
Vanuatu,2014,69.4645
Vanuatu,2015,69.5129
Venezuela,2000,72.4775
Venezuela,2001,71.2015
Venezuela,2002,72.6618
Venezuela,2003,71.9402
Venezuela,2004,72.514
Venezuela,2005,72.7825
Venezuela,2006,72.7418
Venezuela,2007,73.0583
Venezuela,2008,72.436
Venezuela,2009,72.5788
Venezuela,2010,72.8901
Venezuela,2011,72.913
Venezuela,2012,73.0364
Venezuela,2013,73.1962
Venezuela,2014,72.8533
Venezuela,2015,73.0064
Vietnam,2000,72.462
Vietnam,2001,72.6472
Vietnam,2002,72.8009
Vietnam,2003,72.9803
Vietnam,2004,73.135
Vietnam,2005,73.2714
Vietnam,2006,73.3194
Vietnam,2007,73.4361
Vietnam,2008,73.411
Vietnam,2009,73.4982
Vietnam,2010,73.5126
Vietnam,2011,73.6921
Vietnam,2012,73.7044
Vietnam,2013,73.7755
Vietnam,2014,73.8545
Vietnam,2015,73.8763
Wallis and Futuna,2000,74.5532
Wallis and Futuna,2001,75.5099
Wallis and Futuna,2002,75.7967
Wallis and Futuna,2003,75.885
Wallis and Futuna,2004,76.0711
Wallis and Futuna,2005,75.3998
Wallis and Futuna,2006,76.5546
Wallis and Futuna,2007,77.1502
Wallis and Futuna,2008,77.4917
Wallis and Futuna,2009,77.1671
Wallis and Futuna,2010,75.5314
Wallis and Futuna,2011,77.5654
Wallis and Futuna,2012,77.5398
Wallis and Futuna,2013,76.833
Wallis and Futuna,2014,77.6413
Wallis and Futuna,2015,77.9802
Western Sahara,2000,62.6686
Western Sahara,2001,63.1646
Western Sahara,2002,63.6879
Western Sahara,2003,64.1842
Western Sahara,2004,64.6972
Western Sahara,2005,65.1753
Western Sahara,2006,65.6223
Western Sahara,2007,66.0984
Western Sahara,2008,66.5452
Western Sahara,2009,67.0386
Western Sahara,2010,67.4926
Western Sahara,2011,67.8989
Western Sahara,2012,68.2703
Western Sahara,2013,68.6511
Western Sahara,2014,68.9796
Western Sahara,2015,69.2957
World,2000,66.4525
World,2001,66.8336
World,2002,67.1373
World,2003,67.46
World,2004,67.8074
World,2005,68.2047
World,2006,68.7027
World,2007,69.0508
World,2008,69.3014
World,2009,69.7965
World,2010,70.1088
World,2011,70.5303
World,2012,70.8725
World,2013,71.2072
World,2014,71.5649
World,2015,71.8004
Yemen,2000,62.588
Yemen,2001,63.2222
Yemen,2002,63.9062
Yemen,2003,64.5411
Yemen,2004,65.0059
Yemen,2005,65.543
Yemen,2006,65.9877
Yemen,2007,66.5653
Yemen,2008,66.9629
Yemen,2009,67.1964
Yemen,2010,67.28
Yemen,2011,67.4194
Yemen,2012,67.3429
Yemen,2013,67.5451
Yemen,2014,67.3842
Yemen,2015,65.8734
Zambia,2000,45.2312
Zambia,2001,46.0188
Zambia,2002,46.9791
Zambia,2003,48.284
Zambia,2004,49.4873
Zambia,2005,50.6591
Zambia,2006,51.7955
Zambia,2007,52.7389
Zambia,2008,53.9449
Zambia,2009,55.3004
Zambia,2010,56.7991
Zambia,2011,57.7708
Zambia,2012,58.8672
Zambia,2013,59.8777
Zambia,2014,60.699
Zambia,2015,61.2078
Zimbabwe,2000,44.6864
Zimbabwe,2001,41.9572
Zimbabwe,2002,44.5654
Zimbabwe,2003,43.3926
Zimbabwe,2004,44.5023
Zimbabwe,2005,44.7677
Zimbabwe,2006,45.3635
Zimbabwe,2007,45.6102
Zimbabwe,2008,46.7232
Zimbabwe,2009,48.0625
Zimbabwe,2010,50.6523
Zimbabwe,2011,53.347
Zimbabwe,2012,55.6263
Zimbabwe,2013,57.4577
Zimbabwe,2014,58.846
Zimbabwe,2015,59.5911
